policy_unit	current_revision	current_edge_count	planned_action	declaration_source	disposition_state	note
topic.architecture.immutable-authority-closure	1	23	revise	evaluation/standards-effectiveness/policy-impact/topic.architecture.toml	conditional-review	Accepted A1c graph replaces retired A1b authority machinery with snapshot, aggregate, Engine, Analysis, Graph, Metadata, and Verifier projections; all code/test edges and both A1c suites require semantic and evidence-owner review before M3.
topic.contracts.version-scope-and-invalidation	1	17	revise	evaluation/standards-effectiveness/policy-impact/topic.contracts.toml	conditional-review	The existing fixture and suite update; profiles, prompts, template, and Release remain reviewed-no-change unless comparison finds conflict; six live A1c implementation projections require classification by format, identity, compatibility, migration, or ordinal role.
topic.dependencies.implementation-versus-dependency	1	6	revise	evaluation/standards-effectiveness/policy-impact/topic.dependencies.toml	conditional-review	The existing fixture and suite update; profile, prompts, and Router remain reviewed-no-change; four cataloged A1c implementation paths are conditional candidates pending thin-Adapter, standardized-semantics, and domain-product review.
workflow.planning.active-plan-fields	1	5	revise	evaluation/standards-effectiveness/policy-impact/workflow.planning.toml	complete	The fixed before-topology contains five projections; Milestone 1 accepted the planning-prompt and structural-checker additions, so the live owner has seven.
workflow.planning.replanning	1	3	revise	evaluation/standards-effectiveness/policy-impact/workflow.planning.toml	complete	The fixed before-topology contains three projections; Milestone 1 accepted the plan-template addition, so the live owner has four.
workflow.planning.systemic-finding-replan	1	6	revise	evaluation/standards-effectiveness/policy-impact/workflow.planning.toml	complete	The existing fixtures and suite update; prompts and template already express family-level review and remain reviewed-no-change unless direct comparison finds conflict.
workflow.planning.projection-completeness	1	1	retain	evaluation/standards-effectiveness/policy-impact/workflow.planning.toml	complete	The existing suite edge remains unchanged; the prototype is evidence for a separately owned Coding Standards Python implementation review.
workflow.verification.acceptance-claims	1	0	revise	evaluation/standards-effectiveness/policy-impact/workflow.verification.toml	complete	The existing owner has no direct graph relationships; the refinement adds only its existing suite and one focused fixture instead of a parallel policy owner and broad downstream fanout.
TOTAL	-	61	-	-	conditional-review	Counts describe the reconstructed 47/387 before-topology required by the transition visualization; these eight inventoried owners have 64 live relationships in the accepted A1c and Milestone 1 49/407 graph. Conditional rows intentionally block accepted-state generation before M2/M3 audits.
