source_branch	source_tip	source_commit	source_subject	patch_id	mapping_state	accepted_commit	accepted_subject	subject_relation	integration_mode	verification_result	accepted_candidate_count	parent_count
codex/generic-edge-correctness	0b21ccc526d1496c6855790f47db426c7c909c94	0b21ccc526d1496c6855790f47db426c7c909c94	fix(graph): harden group and dependency traversal	ccbec07d10d0003173082231dacc1fa2cde8df6b	unique-replacement	9c8e1f46b919a8c62361f7261d5e93f256f3a18e	fix(graph): harden group and dependency traversal	exact	reconstructed-replacement-lineage	accepted-main-unique-patch-and-semantic-subject	1	1
codex/generic-edge-system	b3396023ff685f1a27056b3c8eed2b881e19e365	d936d54312a571de4be6b20304a10e452f3fe7bc	docs(standards): admit generic edge recovery	091c662b51a0aa6e70e6b69acadc4aee65f9333d	unique-replacement	a6a0fae4797a9b5d25d43126564e33295ae23274	docs(standards): admit generic edge recovery	exact	reconstructed-replacement-lineage	accepted-main-unique-patch-and-semantic-subject	1	1
codex/generic-edge-system	b3396023ff685f1a27056b3c8eed2b881e19e365	f2b26f965cf04f088c1fa90ca248ae69f74c037b	feat(graph): add neutral directed edge engine	f64781e8d863adee20e0c36fe4330f4fd9cb1539	unique-replacement	ad8d0fb9f9bd5d6ec7c10d552bcf2a586cb5ccb7	feat(graph): add neutral directed edge engine	exact	reconstructed-replacement-lineage	accepted-main-unique-patch-and-semantic-subject	1	1
codex/generic-edge-system	b3396023ff685f1a27056b3c8eed2b881e19e365	b3396023ff685f1a27056b3c8eed2b881e19e365	feat(graph): migrate permanent graph consumers	0a384f3885ddf170c4953e854dfb51c5e6a8cd15	unique-replacement	3c4a0e786b3a620cbb36aa2f6da278e0bc0a5003	feat(graph): migrate permanent graph consumers	exact	reconstructed-replacement-lineage	accepted-main-unique-patch-and-semantic-subject	1	1
codex/m6-c1-admission	434ea84e64b6ca88b705920aa16164068500d1a2	434ea84e64b6ca88b705920aa16164068500d1a2	docs(verification): admit bounded section text	fe734f92b721d1cb86d8868ddfc5558c718eb0c8	unique-replacement	1b00df5627543cc6aec96c119563eb641b9dcdce	docs(verification): admit bounded section text	exact	reconstructed-replacement-lineage	accepted-main-unique-patch-and-semantic-subject	1	1
codex/m6-c1-implementation	edd07142e6cef6920968c3e75dcb9990df41b317	edd07142e6cef6920968c3e75dcb9990df41b317	feat(verification): add bounded section text	547b5793cde80ec5856ee34abdb157725fae28b5	unique-replacement	026b38181911bbd0fa211ddc2c310197a4ceeb39	feat(verification): add bounded section text	exact	reconstructed-replacement-lineage	accepted-main-unique-patch-and-semantic-subject	1	1
codex/m6-c2-admission	6418bd3c5508665af4ce3db8f91dd5d0d6fd3082	6418bd3c5508665af4ce3db8f91dd5d0d6fd3082	docs(verification): admit derived keyed relation	ca8437767d51020e13af76b7df719740a26a0187	unique-replacement	e8bd28d2c22cd678f8b64c40368e233d42f43915	docs(verification): admit derived keyed relation	exact	reconstructed-replacement-lineage	accepted-main-unique-patch-and-semantic-subject	1	1
codex/m6-c2-implementation	7c1db35ecf385bedec9ae8afebc60af2c842a822	7c1db35ecf385bedec9ae8afebc60af2c842a822	feat(verification): add derived keyed relation	e02622683067f743238fc54c5a01e2797cf6a4d7	unique-replacement	e40361dafa7a338cfaa5f18adabb1a9c6126456c	feat(verification): add derived keyed relation	exact	reconstructed-replacement-lineage	accepted-main-unique-patch-and-semantic-subject	1	1
codex/m6-c3-admission	416d6beecbf35f51524cae4b1ac733455d57b4d2	416d6beecbf35f51524cae4b1ac733455d57b4d2	docs(verification): admit heading cardinality	eee9808a468bdbab6ac619cc313929e41344b2dd	unique-replacement	ffa39d9fbd37ca84fb1b930d5081eece0c6cb2a4	docs(verification): admit heading cardinality	exact	reconstructed-replacement-lineage	accepted-main-unique-patch-and-semantic-subject	1	1
codex/m6-c3-implementation	067a7f3e40cc6ddc15a0f504a1a180c054bb6ea7	067a7f3e40cc6ddc15a0f504a1a180c054bb6ea7	feat(verification): add heading cardinality	bff63b452f65f30e037b04f8e039e3df97107bbf	unique-replacement	8df494fbd80090c1587c2ca34897a91c44c7670a	feat(verification): add heading cardinality	exact	reconstructed-replacement-lineage	accepted-main-unique-patch-and-semantic-subject	1	1
codex/m6-c4-admission	0e70d5e22189ab361ac039ec7a97a2ea25b10048	0e70d5e22189ab361ac039ec7a97a2ea25b10048	docs(verification): admit Git index membership	8662791ad8b93dfdb01c8b70620ae2f656b197ef	unique-replacement	8b946bd5e03d3809de8c1a2308ae0f9e86584b38	docs(verification): admit Git index membership	exact	reconstructed-replacement-lineage	accepted-main-unique-patch-and-semantic-subject	1	1
codex/m6-c4-implementation	15eadf60e70fbf12e76978267ae83396b773d185	15eadf60e70fbf12e76978267ae83396b773d185	feat(verification): add Git index membership	3a57fa9591b50dfa268f4fcdb432811e5965ca43	unique-replacement	e4e0bfa50ac802f64389ebc673a1421718cef77d	feat(verification): add Git index membership	exact	reconstructed-replacement-lineage	accepted-main-unique-patch-and-semantic-subject	1	1
codex/m6-s-admission	c7c89467a3db0127a416eadecc785f6a22de3ac1	c7c89467a3db0127a416eadecc785f6a22de3ac1	docs(verification): admit parent-owned row wave	73d227e4db2c55690a052a677d4c2c52281eea33	unique-replacement	4e22e4046f2c2eb8a540e3d3df64ef48985d1f55	docs(verification): admit parent-owned row wave	exact	reconstructed-replacement-lineage	accepted-main-unique-patch-and-semantic-subject	1	1
codex/m6-s1	169321a4251109293dbc299dceb664b9a1272752	169321a4251109293dbc299dceb664b9a1272752	feat(verification): migrate row 20 lifecycle	34e0cb27865ca77d2d6c261b629806797584a7c2	unique-replacement	da971032013511d154b27fc815b483c323d3a922	feat(verification): migrate row 20 lifecycle	exact	reconstructed-replacement-lineage	accepted-main-unique-patch-and-semantic-subject	1	1
codex/m6-s2	e938d5ea0a6c9ddae3639f7ff66a0fdfb9969f8c	e938d5ea0a6c9ddae3639f7ff66a0fdfb9969f8c	feat(verification): migrate row 21 lifecycle	0f85e2d18573eb9ed5fb6fb154a2c7cd1ba46ee1	unique-replacement	6b9f775c9a94129c2e380163d7e86dde84f1c13b	feat(verification): migrate row 21 lifecycle	exact	reconstructed-replacement-lineage	accepted-main-unique-patch-and-semantic-subject	1	1
codex/m6-s3	8e09f1f52b4bdc1d179a0988a7d25bf58cf3203f	8e09f1f52b4bdc1d179a0988a7d25bf58cf3203f	feat(verification): migrate row 22 lifecycle	825f1a85f763c89a983fb058c00fdb4b13b61c88	unique-replacement	aa7f2fd0c0aa125fb1d3b749481f08286afd67fc	feat(verification): migrate row 22 lifecycle	exact	reconstructed-replacement-lineage	accepted-main-unique-patch-and-semantic-subject	1	1
codex/m6-u0-repreflight	3c971e5230d670aed87f407a9b9a803cfdfde198	3c971e5230d670aed87f407a9b9a803cfdfde198	docs(verification): freeze semantic package wave	53ee870977ef609f39fc4317ef9d29a41b780d45	unique-replacement	46e8926a940c39e366c8280a088d3ae4f8d54792	docs(verification): freeze semantic package wave	exact	reconstructed-replacement-lineage	accepted-main-unique-patch-and-semantic-subject	1	1
codex/m6-u1-proposal	7f85995fc29fc1fcc01ae86cc48afe779e6f1da4	7f85995fc29fc1fcc01ae86cc48afe779e6f1da4	feat(verification): prepare contract adapter suite	d3b549924a2f4f353b0454bade64517648628079	unmapped			not-applicable	not-applicable	not-accepted	0	1
codex/m6-u10-proposal	0dc1ae2f01a00afcc705e888a34afce7432281ad	0dc1ae2f01a00afcc705e888a34afce7432281ad	feat(verification): prepare plan template suite	fc98ea45e229ec65498aaf89bf61d6480dd4ae4c	unmapped			not-applicable	not-applicable	not-accepted	0	1
codex/m6-u11-proposal	e91e77a5d35fed02992513661b9a8e08dcda69d4	e91e77a5d35fed02992513661b9a8e08dcda69d4	feat(verification): prepare review template suite	4eef6c1d5689faf459d9a1f01fa64c906ba90edb	unmapped			not-applicable	not-applicable	not-accepted	0	1
codex/m6-u12-proposal	cbbb4c2699d75b9e0e8b58d237f5055038cb797b	cbbb4c2699d75b9e0e8b58d237f5055038cb797b	feat(verification): prepare Rust no-std suite	f6c0490ec8189e5393a5076e7e9f812e583fa9c7	unmapped			not-applicable	not-applicable	not-accepted	0	1
codex/m6-u2-proposal	8945e1f95bc3cb08c1dbe5cfa2a3eec322de7799	8945e1f95bc3cb08c1dbe5cfa2a3eec322de7799	feat(verification): prepare frontend applicability suite	676596177c9cefbb9c170aaf9b316f42e6db511b	unmapped			not-applicable	not-applicable	not-accepted	0	1
codex/m6-u3-proposal	b301e7ae893a86666567d240d75f7b3d63166bc4	b301e7ae893a86666567d240d75f7b3d63166bc4	feat(verification): prepare frontend lifecycle suite	d309f15c51ac6b770bd90d9a02898e765ed3204e	unmapped			not-applicable	not-applicable	not-accepted	0	1
codex/m6-u4-proposal	e59cabe1dc6db258cc2557649f69b6e969fd01dd	e59cabe1dc6db258cc2557649f69b6e969fd01dd	feat(verification): prepare frontend tooling suite	3f48a8205c221edf7e6cde48af8b7fd5ade9d144	unmapped			not-applicable	not-applicable	not-accepted	0	1
codex/m6-u5-proposal	d73d2c9d73f671bc6c583a8725097a65854ba984	d73d2c9d73f671bc6c583a8725097a65854ba984	feat(verification): prepare durable mutation suite	14ca31f012156e0fd4de9627b116a6d543c09fca	unmapped			not-applicable	not-applicable	not-accepted	0	1
codex/m6-u6-proposal	e0866fb47eae6427ef79465bd4ba7b2c1941d765	e0866fb47eae6427ef79465bd4ba7b2c1941d765	feat(verification): prepare migration execution suite	7744c69aee4e7548abce5d255b246def50c7757d	unmapped			not-applicable	not-applicable	not-accepted	0	1
codex/m6-u7-proposal	943826651d81cf1ad282056234b5a1d014084ec7	943826651d81cf1ad282056234b5a1d014084ec7	feat(verification): prepare planning admission suite	226875ae1071f5ace6036ef01e9cb823bfd6a016	unmapped			not-applicable	not-applicable	not-accepted	0	1
codex/m6-u8-proposal	d3611f3d448137690a3d00b937d3f6b55868b5a6	d3611f3d448137690a3d00b937d3f6b55868b5a6	feat(verification): prepare implementation prompt suite	1312f53f0dfde6ca35e4e4dfce1770b3e321de0c	unmapped			not-applicable	not-applicable	not-accepted	0	1
codex/m6-u9-proposal	ea9c8580e29bbccd0e40745d02536d27b8f12eb9	ea9c8580e29bbccd0e40745d02536d27b8f12eb9	feat(verification): prepare review prompt suite	4e6d22ffa21ad5da94df88ac39c26524b6a794a6	unmapped			not-applicable	not-applicable	not-accepted	0	1
codex/m7-accelerated-replan	5ba38d54f8dc3c3277752baf3534d188c4404c46	5ba38d54f8dc3c3277752baf3534d188c4404c46	docs(planning): accelerate remaining standards migration	89c2ebd676a46e9ab8a0660bf4a0e1fb60152257	unique-replacement	bad40abe77c0b81107c9ac41cf95a74f743b6e40	docs(planning): accelerate remaining standards migration	exact	reconstructed-replacement-lineage	accepted-main-unique-patch-and-semantic-subject	1	1
codex/m7-architecture-owner	b48bcc06a5f92ce95a0a689a0b37b70fcaed500c	b48bcc06a5f92ce95a0a689a0b37b70fcaed500c	docs(architecture): establish canonical owner	8eee187a5628c3b20bd92dad9951bcb88133c68b	unique-replacement	c13e25d3d7f3fc0a5238eae1aba5e9ddefc41ab8	docs(architecture): establish canonical owner	exact	reconstructed-replacement-lineage	accepted-main-unique-patch-and-semantic-subject	1	1
codex/m7-architecture-population	7361ec2d5ccd1af32d45972c557887a19533ece9	7361ec2d5ccd1af32d45972c557887a19533ece9	docs(architecture): migrate coding boundaries	4c74c742f146c99aeb5dcf185007cb261b4d9320	unique-replacement	a85fa6046285c5eef5f75c30a3691742b673a28f	docs(architecture): migrate coding boundaries	exact	reconstructed-replacement-lineage	accepted-main-unique-patch-and-semantic-subject	1	1
codex/m7-binding-artifact-compatibility	847de5f8126663c7aaf0bdf04f5bf6911ee7b577	847de5f8126663c7aaf0bdf04f5bf6911ee7b577	docs(contracts): govern binding artifact compatibility	1b3ad78d7b202f2cb706c880d8adc3af50fd8af8	unique-replacement	3bf2809cd12e69d959b7acf0e414701f3a330272	docs(contracts): govern binding artifact compatibility	exact	reconstructed-replacement-lineage	accepted-main-unique-patch-and-semantic-subject	1	1
codex/m7-binding-artifact-composition	94a2a78e3469aa50e4eceaabd1a8d0f4ad749615	94a2a78e3469aa50e4eceaabd1a8d0f4ad749615	docs(release): govern binding artifact composition	e72e5710d2f253851a3527e0a3702b95d13d94e7	unique-replacement	8fa65bbd122a21807e1852335df55eba3b58c7c5	docs(release): govern binding artifact composition	exact	reconstructed-replacement-lineage	accepted-main-unique-patch-and-semantic-subject	1	1
codex/m7-binding-contract-evolution	34a8dc47b37e8f5804112f6c9c32e4f57b1ac4ae	34a8dc47b37e8f5804112f6c9c32e4f57b1ac4ae	docs(contracts): govern binding artifact evolution	f23d77d90efa5ed06731a3fc7a40eeb36dedd268	unique-replacement	dd53f89ba813db49472ed5659256f37cbd1d3e1e	docs(contracts): govern binding artifact evolution	exact	reconstructed-replacement-lineage	accepted-main-unique-patch-and-semantic-subject	1	1
codex/m7-binding-generation-authority	168f5d1f1da606fde188fe6974f272dd7ebbf091	168f5d1f1da606fde188fe6974f272dd7ebbf091	docs(contracts): govern binding generation authority	793898a48131de215212922efcf6bc5035cb9a5d	unique-replacement	e6e6888e1fa025ddd6580e5ab7df937d44fe8a4e	docs(contracts): govern binding generation authority	exact	reconstructed-replacement-lineage	accepted-main-unique-patch-and-semantic-subject	1	1
codex/m7-binding-generation-decomposition	2c02819975ca5402196d026edb4382b1bacc5d07	2c02819975ca5402196d026edb4382b1bacc5d07	docs(planning): decompose Rust binding generation row	856c39e3ebe33507ec1841e99553fb66139f55a3	unique-replacement	31b64d6a87b54b4f120c83b59e114d18de666db6	docs(planning): decompose Rust binding generation row	exact	reconstructed-replacement-lineage	accepted-main-unique-patch-and-semantic-subject	1	1
codex/m7-binding-mechanism-selection	d61a98e8b9e69dea9ff8e4d48652f82190ea067d	d61a98e8b9e69dea9ff8e4d48652f82190ea067d	docs(bindings): select mechanisms from boundary facts	c42a187ee32b84532cbb2ac0d28df303558e75a5	unique-replacement	0aceaa473e057815032d3bbf1777bddb6398bfa9	docs(bindings): select mechanisms from boundary facts	exact	reconstructed-replacement-lineage	accepted-main-unique-patch-and-semantic-subject	1	1
codex/m7-binding-surface-contract	27d9ab681e67e35682752dc49bab0bd0ccd3315c	27d9ab681e67e35682752dc49bab0bd0ccd3315c	docs(bindings): govern exported surface contracts	e0dc54f0c925c20b02cc307315ecbcc4ac06e257	unique-replacement	89b0a72a9a7e0932a1b9dd18083286062d212212	docs(bindings): govern exported surface contracts	exact	reconstructed-replacement-lineage	accepted-main-unique-patch-and-semantic-subject	1	1
codex/m7-ci-orchestration-replan	5d53a357145152aafca3ab6d6dd3ed418e1b9bef	5d53a357145152aafca3ab6d6dd3ed418e1b9bef	docs(plan): split CI policy from provider recipes	208cc08bdae0d4d9548acb522d3610db2cb99e0a	unique-replacement	6b7dd333a0958d63059184510588ded82443dc89	docs(plan): split CI policy from provider recipes	exact	reconstructed-replacement-lineage	accepted-main-unique-patch-and-semantic-subject	1	1
codex/m7-concurrency-specialization-replan	24d26a8ad2cc2ae9bbc556c2a88a65c8d5d3f396	24d26a8ad2cc2ae9bbc556c2a88a65c8d5d3f396	docs(concurrency): decompose async specialization row	81108bc2feb30182e271649f4ee22f9be34069fe	unique-replacement	ee42dad83d951829c7d516376528645628a5a84d	docs(concurrency): decompose async specialization row	exact	reconstructed-replacement-lineage	accepted-main-unique-patch-and-semantic-subject	1	1
codex/m7-contract-boundaries	a15d44a54017fd61fce8a56d7ed3f7f869dabff8	a15d44a54017fd61fce8a56d7ed3f7f869dabff8	docs(contracts): govern directional boundary proof	58d35e1d16a415512fbb7fa3d53594dafc1cac9b	unique-replacement	29a1aa1171b2468979b13f21b0314e7cf45d6acd	docs(contracts): govern directional boundary proof	exact	reconstructed-replacement-lineage	accepted-main-unique-patch-and-semantic-subject	1	1
codex/m7-contract-invariants	ac9745a64ff16f9ecd00a355c707169c48cef039	ac9745a64ff16f9ecd00a355c707169c48cef039	docs(contracts): govern invariant obligations	fbfeb81873077403bdf30a799d77e8eca8d7bbbc	unique-replacement	8b7ff7e61ce552a1611d257cef050949b0caa391	docs(contracts): govern invariant obligations	exact	reconstructed-replacement-lineage	accepted-main-unique-patch-and-semantic-subject	1	1
codex/m7-core-code-discipline	ee9ec5a8182f2f021a75a571db70644bb850ed01	ee9ec5a8182f2f021a75a571db70644bb850ed01	docs(core): govern code and terminology discipline	815b0531e6be007943025924f6a8fedf0e5b4a55	unique-replacement	4e15a2321749c180220fc7f84902258b308082e9	docs(core): govern code and terminology discipline	exact	reconstructed-replacement-lineage	accepted-main-unique-patch-and-semantic-subject	1	1
codex/m7-core-constants	e700a02573b0799638c61f3f94dbe1ffec1f38d6	e700a02573b0799638c61f3f94dbe1ffec1f38d6	docs(core): govern semantic constants	478ff0a7e1557e934e780597dc60099db7320a96	unique-replacement	302006943a934b9e93614865e0dcca04f708d5ab	docs(core): govern semantic constants	exact	reconstructed-replacement-lineage	accepted-main-unique-patch-and-semantic-subject	1	1
codex/m7-core-simplicity	2129213fdb1cb460f5fa26bbba7674af09909749	2129213fdb1cb460f5fa26bbba7674af09909749	docs(core): define non-metric simplicity	33f5ffa0be40b4196688d54524384e9e56e21dc8	unique-replacement	38a01a004c94ac7e8a93f087cf290ef01c778f0a	docs(core): define non-metric simplicity	exact	reconstructed-replacement-lineage	accepted-main-unique-patch-and-semantic-subject	1	1
codex/m7-csharp-async-index	beec53cc95f22bd0dad1d1440f6f2d45026ae195	beec53cc95f22bd0dad1d1440f6f2d45026ae195	docs(concurrency): close C# async parent index	f9c170383639bcaec26b411ca256499263742ff9	unique-replacement	25e4103ed146249b17cb2ebf52680593891f5261	docs(concurrency): close C# async parent index	exact	reconstructed-replacement-lineage	accepted-main-unique-patch-and-semantic-subject	1	1
codex/m7-csharp-async-owner	252574b2ea55f405ad210abb05fdde3721a0efc2	252574b2ea55f405ad210abb05fdde3721a0efc2	docs(csharp): establish async specialization owner	5a63e5143d3d8a7bf8e79cbb2aa69cfbaade9516	unique-replacement	aeb1a78569b1d586e235e683341bb0ac0f007a46	docs(csharp): establish async specialization owner	exact	reconstructed-replacement-lineage	accepted-main-unique-patch-and-semantic-subject	1	1
codex/m7-csharp-async-population	8dc10b38ccdc737f16eff75f37e09d125fad012b	8dc10b38ccdc737f16eff75f37e09d125fad012b	docs(csharp): migrate continuation scheduling policy	5595dd1d54628bdf87160620b79b0b6613428e53	unique-replacement	e4a67f15a09fa46eba570711a90bccd9ba5a6869	docs(csharp): migrate continuation scheduling policy	exact	reconstructed-replacement-lineage	accepted-main-unique-patch-and-semantic-subject	1	1
codex/m7-decision-table-foundation	e9016aa5514e1abac8ec81a08358627351d6dfc8	e9016aa5514e1abac8ec81a08358627351d6dfc8	test(evaluation): add reusable decision tables	6bb38903392a4cf7a0dcfd6cf0266e53a9914038	unique-replacement	ab2a88e29e486374eb97d4880b483086ec1b2683	test(evaluation): add reusable decision tables	exact	reconstructed-replacement-lineage	accepted-main-unique-patch-and-semantic-subject	1	1
codex/m7-dependencies-consolidation	911164a089492690733410915b1f5fb03b491cfe	911164a089492690733410915b1f5fb03b491cfe	docs(dependencies): consolidate legacy standards	a007f9332feda52b14e3dd064a44dcef99fe7d95	unique-replacement	c863e87e357e526848fcb8b3fa86540717ef0e01	docs(dependencies): consolidate legacy standards	exact	reconstructed-replacement-lineage	accepted-main-unique-patch-and-semantic-subject	1	1
codex/m7-dependencies-owner	3434dfa1667eb43e0a3b0f7cc27ed165fb4636d2	3434dfa1667eb43e0a3b0f7cc27ed165fb4636d2	docs(dependencies): establish canonical owner contract	84c1f36e251be800d8da5097fe6fade6ef896f64	unique-replacement	a32bd8872f90f9c812f89c757b96a7e72636c569	docs(dependencies): establish canonical owner contract	exact	reconstructed-replacement-lineage	accepted-main-unique-patch-and-semantic-subject	1	1
codex/m7-dependencies-population	84c739eb70643ef83ea1ae41837759dc2873d085	84c739eb70643ef83ea1ae41837759dc2873d085	docs(dependencies): migrate launcher provisioning policy	0f6c3ace461ed70fbd0a79613f76c43fa7572ba7	unique-replacement	9e8e36c98db40dd20c454dab5fbfe35b5e6d7ccf	docs(dependencies): migrate launcher provisioning policy	exact	reconstructed-replacement-lineage	accepted-main-unique-patch-and-semantic-subject	1	1
codex/m7-dependency-route	83304797747390a5c602ae55511cb97d25beadf2	83304797747390a5c602ae55511cb97d25beadf2	docs(dependencies): route coding index directly	c22873f1d84b6d8cc9d79912beea5445a7cebff6	unique-replacement	3c54db068749d51f763c52bf30dbf168383de26d	docs(dependencies): route coding index directly	exact	reconstructed-replacement-lineage	accepted-main-unique-patch-and-semantic-subject	1	1
codex/m7-disabled-lifecycle	92a8b2c5f19f889b2281aeabd49ee9575b97e0c5	92a8b2c5f19f889b2281aeabd49ee9575b97e0c5	docs(implementation): govern disabled behavior lifecycle	2a2b095614733057e42bcb3d8947d8f8b1070766	unique-replacement	82a2a9bcacdaff5da6ba94cde41f73f31999eaa7	docs(implementation): govern disabled behavior lifecycle	exact	reconstructed-replacement-lineage	accepted-main-unique-patch-and-semantic-subject	1	1
codex/m7-disabled-verification	92406e4303519fa168816f0e9aa00d5c711e6505	92406e4303519fa168816f0e9aa00d5c711e6505	docs(verification): derive disabled behavior claims	a8032b2b60602e715154d9f0a919f8c621b0fc3b	unique-replacement	69f67b6e57ebfdff92a4ca3d0a7b499cdd5a748c	docs(verification): derive disabled behavior claims	exact	reconstructed-replacement-lineage	accepted-main-unique-patch-and-semantic-subject	1	1
codex/m7-formatter-command-recipes	e176190fcc3187778ee842c5d5f45fcbbd3f000b	e176190fcc3187778ee842c5d5f45fcbbd3f000b	docs(tooling): extract formatter command examples	ff8ad7e796ba289ddb88cc505a6c16b774c02ce8	unique-replacement	2e7048e4d65d69081173a4ac8d5fc9fa8cc29faa	docs(tooling): extract formatter command examples	exact	reconstructed-replacement-lineage	accepted-main-unique-patch-and-semantic-subject	1	1
codex/m7-formatting-policy	96eec500617fd6efdde65f178e2274f5d3be8139	8cf22d8f8488af65eb7dcb49e2435be3fb522d0b	fix(tooling): finish TypeScript recipe extraction	17dee07203519617dc016969bbfabdfa0e31795c	unique-replacement	d2a75f0f69b6191be198396feb1fa1270fd53a10	fix(tooling): finish TypeScript recipe extraction	exact	reconstructed-replacement-lineage	accepted-main-unique-patch-and-semantic-subject	1	1
codex/m7-formatting-policy	96eec500617fd6efdde65f178e2274f5d3be8139	96eec500617fd6efdde65f178e2274f5d3be8139	docs(tooling): govern formatting orchestration	be41f05fe02e489271d918d44b13b114ca94fdf5	unique-replacement	1de0320ed2ab015d596d284115d75c4f5596a704	docs(tooling): govern formatting orchestration	exact	reconstructed-replacement-lineage	accepted-main-unique-patch-and-semantic-subject	1	1
codex/m7-formatting-replan	70524c9fcf1ae1c5de2f218ee168d671e3091a8e	70524c9fcf1ae1c5de2f218ee168d671e3091a8e	docs(plan): split formatting policy from product recipes	b59dea00bd54cb2622a502aebaa73d8c236f4b59	unique-replacement	24fdc850315f0ffa733444e12dd019a6e95e581f	docs(plan): split formatting policy from product recipes	exact	reconstructed-replacement-lineage	accepted-main-unique-patch-and-semantic-subject	1	1
codex/m7-frontend-owner	00f4d6c7571cdbd232c09d40f92497de00851de8	00f4d6c7571cdbd232c09d40f92497de00851de8	docs(frontend): establish application owner	82e3a1d1954d623b7b815160a4b63b82fa315242	unique-replacement	001440068d9f0a4af537eff2224242521fa1c9c0	docs(frontend): establish application owner	exact	reconstructed-replacement-lineage	accepted-main-unique-patch-and-semantic-subject	1	1
codex/m7-generated-command-security	c251eaffd71b95ab7ecc9bc3634ead3eb745b550	c251eaffd71b95ab7ecc9bc3634ead3eb745b550	docs(security): govern generated command text	bbd319ad4b6b9013119cb5635c9525342dbc501b	unique-replacement	a56fd90b99c97e7c68fa9337930d26bf9b6d9fdd	docs(security): govern generated command text	exact	reconstructed-replacement-lineage	accepted-main-unique-patch-and-semantic-subject	1	1
codex/m7-godot-owner	c7f3cd5fc8a5099b0b0d89b17cfb201ffaf720b4	c7f3cd5fc8a5099b0b0d89b17cfb201ffaf720b4	docs(godot): establish framework specialization owner	b27c725fe8dd1f34364e5d7f91bdf7e123c9a658	unique-replacement	43949cb78eabf941e3d595cd23c8da25cf7f2909	docs(godot): establish framework specialization owner	exact	reconstructed-replacement-lineage	accepted-main-unique-patch-and-semantic-subject	1	1
codex/m7-godot-population	3a572d7f3519a3f0e755d37402abe4a5f8765650	3a572d7f3519a3f0e755d37402abe4a5f8765650	docs(godot): migrate affinity and lifetime policy	2cebd04021174ee24db4447a62621754f8b77047	unique-replacement	a3009da993872986beecc80accea8aad991d84b9	docs(godot): migrate affinity and lifetime policy	exact	reconstructed-replacement-lineage	accepted-main-unique-patch-and-semantic-subject	1	1
codex/m7-gui-smoke-verification	16e8e8ada460167fc4f95e8bbe2a857badf06efd	16e8e8ada460167fc4f95e8bbe2a857badf06efd	docs(verification): migrate GUI smoke evidence	681ab996b5e571f2fdec42ed39e7007e8efb2892	unique-replacement	9d9500364f17548fd93263a3d65ee61664be6382	docs(verification): migrate GUI smoke evidence	exact	reconstructed-replacement-lineage	accepted-main-unique-patch-and-semantic-subject	1	1
codex/m7-language-routing	a8cb14dde453e8d2750c4cbc05fd0e97c93a5c04	a8cb14dde453e8d2750c4cbc05fd0e97c93a5c04	docs(router): canonicalize language profile selection	be54e46abcdf8c0d42e58f49e053e8188cbc3a6e	unique-replacement	61c033885a4cd802626b5e4eb528b0b96c35da44	docs(router): canonicalize language profile selection	exact	reconstructed-replacement-lineage	accepted-main-unique-patch-and-semantic-subject	1	1
codex/m7-launcher-owner	812f335b59fb49bcb9774aab937c9e46a27b22d9	812f335b59fb49bcb9774aab937c9e46a27b22d9	docs(launcher): establish application owner contract	714ea46eda1be6eef2189e956777dc6c2670254c	unique-replacement	64923362dd14a3855c5a8ad865cbe9392a5e01fd	docs(launcher): establish application owner contract	exact	reconstructed-replacement-lineage	accepted-main-unique-patch-and-semantic-subject	1	1
codex/m7-launcher-population	8e12d60e03f14d39224505921b27cb67d2cf468d	8e12d60e03f14d39224505921b27cb67d2cf468d	docs(launcher): migrate command lifecycle policy	163678522afae5eeba3eac7b997eac7cd705af8c	unique-replacement	87ad120646ead7ac6b56bbb10d2952102f7be6be	docs(launcher): migrate command lifecycle policy	exact	reconstructed-replacement-lineage	accepted-main-unique-patch-and-semantic-subject	1	1
codex/m7-launcher-row14-decomposition	be5d4ef46317aa010a414c2e604eea21792a1995	be5d4ef46317aa010a414c2e604eea21792a1995	docs(launcher): decompose migration row 14	67728a2c3b254b2fdd22d08817a3b1b87b29121e	unique-replacement	922d12c7c2676f59e7a28ee1723a04228b855700	docs(launcher): decompose migration row 14	exact	reconstructed-replacement-lineage	accepted-main-unique-patch-and-semantic-subject	1	1
codex/m7-licensing-owner	d24ada37cd1fa2cb19a38ea6ed0ac653d0e0423d	d24ada37cd1fa2cb19a38ea6ed0ac653d0e0423d	docs(licensing): establish canonical owner	c894b8108e1aa5f27388d239f8b77011e5a652b3	unique-replacement	fec2c9fd794c40b2b6e6504a3ae725f1bd734f3a	docs(licensing): establish canonical owner	exact	reconstructed-replacement-lineage	accepted-main-unique-patch-and-semantic-subject	1	1
codex/m7-performance-owner	eebbd81eb9928eee24def75e777e077b1766ef2c	eebbd81eb9928eee24def75e777e077b1766ef2c	docs(performance): establish canonical owner	dde1cc17ab3711b552bbc11a3236a700654b3239	unique-replacement	d8cdf20f787bde3e3c4cfb4fa47c5bd47e840a4f	docs(performance): establish canonical owner	exact	reconstructed-replacement-lineage	accepted-main-unique-patch-and-semantic-subject	1	1
codex/m7-planning-consolidation	3859f739e8e0de99adf8f5d49ca7bea0ec8e794f	3859f739e8e0de99adf8f5d49ca7bea0ec8e794f	docs(planning): close legacy migration	ee7fd18802be83e96082412ca53b83179fe4154e	unique-replacement	4f578fc847a62fdc88c514146398e11bfb8741e3	docs(planning): close legacy migration	exact	reconstructed-replacement-lineage	accepted-main-unique-patch-and-semantic-subject	1	1
codex/m7-release-binding-generation-procedures	7ab550f8d1bdd3a03965fc741ac8e3c56c635431	7ab550f8d1bdd3a03965fc741ac8e3c56c635431	docs(release): govern binding generation procedures	a2da3be976aee34847d653bf6d73b7b1d57c6a03	unique-replacement	7f68a4dfb38b4d4e4ca89d198521b350b6b3a0ad	docs(release): govern binding generation procedures	exact	reconstructed-replacement-lineage	accepted-main-unique-patch-and-semantic-subject	1	1
codex/m7-release-build-procedure	10499ac2fc87a4b790230274241cc29951befb4b	10499ac2fc87a4b790230274241cc29951befb4b	docs(release): derive launcher build procedure	bdd5ab140e2ef2915bafb0c80db32ee8da711532	unique-replacement	d8048d4a6a3a5063692eb0bc0f7fa5ed6db66167	docs(release): derive launcher build procedure	exact	reconstructed-replacement-lineage	accepted-main-unique-patch-and-semantic-subject	1	1
codex/m7-resilience-errors	a23015604797161d60821f9d9ad95daa48c465bf	a23015604797161d60821f9d9ad95daa48c465bf	docs(resilience): govern failure boundaries	454b15aba7a1cf126ac65d9045b8a4288cdca808	unique-replacement	759eb7349e9f3c2d461eef049a88a32b5488e9f6	docs(resilience): govern failure boundaries	exact	reconstructed-replacement-lineage	accepted-main-unique-patch-and-semantic-subject	1	1
codex/m7-resilience-owner-contract	4d631a910e219dc19c3468cf884a36eb9aad28bc	4d631a910e219dc19c3468cf884a36eb9aad28bc	docs(resilience): establish failure recovery owner	648cd5207c0d7bc56ed6714014af5224ab0b91ad	unique-replacement	b7125f627ced7be9218c2b83af5457f888d057d5	docs(resilience): establish failure recovery owner	exact	reconstructed-replacement-lineage	accepted-main-unique-patch-and-semantic-subject	1	1
codex/m7-resilience-population	90a44ea88e6b576723ec8af7917d2969e7e9b070	90a44ea88e6b576723ec8af7917d2969e7e9b070	docs(resilience): govern dependency recovery outcomes	69ee369e06973f5e6622f43b8084f6c84d8206dc	unique-replacement	0929433dd5d2251bc14018f46ee50f1b886b0a72	docs(resilience): govern dependency recovery outcomes	exact	reconstructed-replacement-lineage	accepted-main-unique-patch-and-semantic-subject	1	1
codex/m7-row15-decomposition	159b8f780527ccb69c38d8ca83905d40c07528ca	159b8f780527ccb69c38d8ca83905d40c07528ca	docs(migration): decompose coding standards row	a5192a4645fb32126d5ddcec301f5d7366bb3358	unique-replacement	36b1140648fb7e20b237d0a66311458cb5213226	docs(migration): decompose coding standards row	exact	reconstructed-replacement-lineage	accepted-main-unique-patch-and-semantic-subject	1	1
codex/m7-row5-decomposition	759d836dc4eeb334b956b40a9da2ba6655ff77ed	759d836dc4eeb334b956b40a9da2ba6655ff77ed	docs(planning): decompose Rust binding row	36dabb9e1d15e03634e37a24b671d4faa45ac738	unique-replacement	89150ea92f918d85e838493035802dcf1c08f23c	docs(planning): decompose Rust binding row	exact	reconstructed-replacement-lineage	accepted-main-unique-patch-and-semantic-subject	1	1
codex/m7-row7-decomposition	875b104ef9cafa22abf5996cc9720b51c9c3394f	875b104ef9cafa22abf5996cc9720b51c9c3394f	docs(planning): decompose Rust binding row	eda89509269c9398a9064752513a0809e70b444c	unique-replacement	2c297f988e457cdd76d6a4a26580fd03a7237811	docs(planning): decompose Rust binding row	exact	reconstructed-replacement-lineage	accepted-main-unique-patch-and-semantic-subject	1	1
codex/m7-rust-binding-annotation-placement	a6cce57901871097cd6b6e79e251c78547067936	a6cce57901871097cd6b6e79e251c78547067936	docs(rust): govern binding annotation placement	29d34e3ee691fba3f5891941df2a15ed463a2044	unique-replacement	2eefe4903c4e3459e0397208b93facf38cfbffc4	docs(rust): govern binding annotation placement	exact	reconstructed-replacement-lineage	accepted-main-unique-patch-and-semantic-subject	1	1
codex/m7-rust-binding-index-closure	6fc432235db23a32f3453ab8edf3cef31b056f4d	6fc432235db23a32f3453ab8edf3cef31b056f4d	docs(rust): close binding build index	6d557d95909882301b2e3e4cc62c175a93b12071	unique-replacement	142f12c55c61932ecfdfc32c8cba41066e8ce681	docs(rust): close binding build index	exact	reconstructed-replacement-lineage	accepted-main-unique-patch-and-semantic-subject	1	1
codex/m7-rust-binding-package-placement	b7cb41936dc2bfc3577f5f7ba12b85a84c83aea7	b7cb41936dc2bfc3577f5f7ba12b85a84c83aea7	docs(rust): govern binding artifact selection	ec0e88db6613d34f16e7584c197793c06fde6c06	unique-replacement	65a935187deda962ca2808ac8ad2cd5d125385fc	docs(rust): govern binding artifact selection	exact	reconstructed-replacement-lineage	accepted-main-unique-patch-and-semantic-subject	1	1
codex/m7-rust-binding-workspace	e254b9063b3704871ba222c589286cd041a7e5f5	e254b9063b3704871ba222c589286cd041a7e5f5	docs(rust): govern binding workspace evidence	69451b154e546fd00e1a3af9cdf8500d580dada6	unique-replacement	33d7dbf9590e369358f5a112aa2d2ba4aca18de3	docs(rust): govern binding workspace evidence	exact	reconstructed-replacement-lineage	accepted-main-unique-patch-and-semantic-subject	1	1
codex/m7-rust-concurrency-index	f6d2fb8f2f88d726122d29ffb809dbe4f8e505f7	f6d2fb8f2f88d726122d29ffb809dbe4f8e505f7	docs(concurrency): close Rust routing index	e6574978f45b47b0165426c01bb5c8c7b61e25c2	unique-replacement	20310f9ecffc220b6a9626115851355d9d62f0fb	docs(concurrency): close Rust routing index	exact	reconstructed-replacement-lineage	accepted-main-unique-patch-and-semantic-subject	1	1
codex/m7-rust-contract-discovery	0c34e18c9e985fffe7fc1ac80385ea0729f4f02e	0c34e18c9e985fffe7fc1ac80385ea0729f4f02e	docs(rust): adapt contract-selected discovery	77b2d30367052914e7780795cf01d389e2901bff	unique-replacement	8834bfa1c698a91381da2b3bdbf52c5f3c1c6da5	docs(rust): adapt contract-selected discovery	exact	reconstructed-replacement-lineage	accepted-main-unique-patch-and-semantic-subject	1	1
codex/m7-rust-core-adapter-testability	9f0a2622bad2e8c76ad7935e8b3c6b4ce471a7eb	9f0a2622bad2e8c76ad7935e8b3c6b4ce471a7eb	docs(rust): require core and adapter evidence	575c0504699fc97036c50804294b058aaae903e6	unique-replacement	a3bb5288d6330e076660a2a18a97b06056e22426	docs(rust): require core and adapter evidence	exact	reconstructed-replacement-lineage	accepted-main-unique-patch-and-semantic-subject	1	1
codex/m7-rust-security-0826	7e2c204e62eb46cc7c14f58529a6aeca54e586ea	7e2c204e62eb46cc7c14f58529a6aeca54e586ea	docs(security): govern Rust panic boundaries	e5f0bd46b466d4c85d8f0d4b99fbd72dcf1d3fa5	unique-replacement	713087874ec5775bf1bc7fd1865a75f922016d6d	docs(security): govern Rust panic boundaries	exact	reconstructed-replacement-lineage	accepted-main-unique-patch-and-semantic-subject	1	1
codex/m7-testing-acceptance-path	070141a534ac18eb10b073ff20394add5d577d14	070141a534ac18eb10b073ff20394add5d577d14	docs(verification): define acceptance paths	b23e28e040989b220f586f842d8f20200a197fc6	unique-replacement	cc131e4379492d2d7c5b3a04893763bd0d96a93a	docs(verification): define acceptance paths	exact	reconstructed-replacement-lineage	accepted-main-unique-patch-and-semantic-subject	1	1
codex/m7-testing-async-evidence	7929590ab73650031521d7b5b07106976ecc6266	7929590ab73650031521d7b5b07106976ecc6266	docs(verification): govern async evidence	74b8d8a92530c5a62ad19aca6bb74063a7589274	unique-replacement	2515ef30ec2db4a5d20c93ce5c69667d16dc5f1e	docs(verification): govern async evidence	exact	reconstructed-replacement-lineage	accepted-main-unique-patch-and-semantic-subject	1	1
codex/m7-testing-concurrency	c49e6fbac00f2c22c2dd679dbd770f8e657d48a6	c49e6fbac00f2c22c2dd679dbd770f8e657d48a6	docs(concurrency): govern verification resources	3ab5edc729ffb7a78da6158f5fb7b689f2c0d675	unique-replacement	8e2a59e202c9ca49a9288fc218977c7acae59312	docs(concurrency): govern verification resources	exact	reconstructed-replacement-lineage	accepted-main-unique-patch-and-semantic-subject	1	1
codex/m7-testing-contract-artifacts	22111bb0b74781bc26b18df7393cbb8250a9e3cc	22111bb0b74781bc26b18df7393cbb8250a9e3cc	docs(contracts): govern persisted artifacts	1f72627b6d6c727a8aaf7d4c63324616a277cc69	unique-replacement	04a3961be45c5952425756f2ffb4c7e9f32e2731	docs(contracts): govern persisted artifacts	exact	reconstructed-replacement-lineage	accepted-main-unique-patch-and-semantic-subject	1	1
codex/m7-testing-coverage-docs	7f560a3bca9112ce386460f34b583fe11b3d2bf4	7f560a3bca9112ce386460f34b583fe11b3d2bf4	docs(verification): govern coverage evidence	7fe34e9aaaef96883dcfeefc22f0c312c4b46fe0	unique-replacement	c419dfe8fc6a7f9ea3a845c3d4d1710a707565a5	docs(verification): govern coverage evidence	exact	reconstructed-replacement-lineage	accepted-main-unique-patch-and-semantic-subject	1	1
codex/m7-testing-data-lifecycle	67e2d104bb992a159bdbfd6ba29a011af39a3cc0	67e2d104bb992a159bdbfd6ba29a011af39a3cc0	docs(verification): govern test data lifecycle	f67c1c542648fe706323367add44cc7f2e81acd4	unique-replacement	848f999d3c1fe42e4dc2f5a58f22a377e33c5eb6	docs(verification): govern test data lifecycle	exact	reconstructed-replacement-lineage	accepted-main-unique-patch-and-semantic-subject	1	1
codex/m7-testing-focused-design	dd75523d297bf10735375fe4f38c1700b2a1896f	dd75523d297bf10735375fe4f38c1700b2a1896f	docs(verification): govern focused test design	284596aa19f4e6c05ae4aec8bca1b9ebbc38f7e4	unique-replacement	b53c3ff0e4f6bab877e9d4556273722f38233d26	docs(verification): govern focused test design	exact	reconstructed-replacement-lineage	accepted-main-unique-patch-and-semantic-subject	1	1
codex/m7-testing-frontend	e8f858cbe754362f1b832dbbf885475ae5e0ff3b	e8f858cbe754362f1b832dbbf885475ae5e0ff3b	docs(frontend): require claim-selected evidence	9ed31fe2f8a7213be7cc59f30dbf23be4da4587a	unique-replacement	a7c6301e7872f68334efcd2e19d2ba714465d42e	docs(frontend): require claim-selected evidence	exact	reconstructed-replacement-lineage	accepted-main-unique-patch-and-semantic-subject	1	1
codex/m7-testing-gates-diagnosis	5a25d7c797d4931b58f5750c46caa69b77927d68	5a25d7c797d4931b58f5750c46caa69b77927d68	docs(verification): govern diagnostic gates	13a5bd2a653c66d56f2415728a14463a7d275409	unique-replacement	e66dd66a457d5e9545ad03a00c19cf324df47679	docs(verification): govern diagnostic gates	exact	reconstructed-replacement-lineage	accepted-main-unique-patch-and-semantic-subject	1	1
codex/m7-testing-language-bindings	417edea9081c9be3afcdcef00c5c5f2a76130aad	417edea9081c9be3afcdcef00c5c5f2a76130aad	docs(bindings): require evidence cohorts	46f6584bca79831931beb0c8b9befb53a7a44044	unique-replacement	be12949ef17ce9a7fffbbfe9a6e7db2aa71905b4	docs(bindings): require evidence cohorts	exact	reconstructed-replacement-lineage	accepted-main-unique-patch-and-semantic-subject	1	1
codex/m7-testing-organization	407a2bd92dde1c3ff2097515ea357a6c4414c300	407a2bd92dde1c3ff2097515ea357a6c4414c300	docs(verification): govern test organization	a3499cd76c7f16b1aa71adb40475c4c01a17b8a5	unique-replacement	eea6d8b42e649be7edede43ecaa7527cacbfac52	docs(verification): govern test organization	exact	reconstructed-replacement-lineage	accepted-main-unique-patch-and-semantic-subject	1	1
codex/m7-testing-performance	875581352a94f93a8ae904c375bc7bcaa5f8e049	875581352a94f93a8ae904c375bc7bcaa5f8e049	docs(performance): govern test evidence	917e722ee21ba0e58a8d74b69a02a6014b2de90c	unique-replacement	f3b0b5180f9ae5a72dd15969fb95a6d8ec384948	docs(performance): govern test evidence	exact	reconstructed-replacement-lineage	accepted-main-unique-patch-and-semantic-subject	1	1
codex/m7-testing-resilience	bc7b59d74fec1e191e230268e2f00a344da183e7	bc7b59d74fec1e191e230268e2f00a344da183e7	docs(resilience): require replay evidence	354bc95845aa1db45bada5e091844d75018b95a5	unique-replacement	b6c71841d46e7984e415d6a8105de4a5b00d8992	docs(resilience): require replay evidence	exact	reconstructed-replacement-lineage	accepted-main-unique-patch-and-semantic-subject	1	1
codex/m7-testing-source-closure	547243590e9fe2a9e0d9037f5830b0f392a9274b	547243590e9fe2a9e0d9037f5830b0f392a9274b	docs(verification): close testing source	3bb505e299dbacddae5b84c22ddf005fcfde7b82	unique-replacement	ead0146a25c13eb7c779e4e187e7c12621b056fb	docs(verification): close testing source	exact	reconstructed-replacement-lineage	accepted-main-unique-patch-and-semantic-subject	1	1
codex/m7-testing-verification-decomposition	d6c4b629dac74576aba7ddd1360730d6343863cb	d6c4b629dac74576aba7ddd1360730d6343863cb	docs(verification): decompose testing remainder	2cbaa1834cdd5ec131778292d533cb1a22eb750f	unique-replacement	a8396b4ff99ca3595ecef37d659791826463d7f6	docs(verification): decompose testing remainder	exact	reconstructed-replacement-lineage	accepted-main-unique-patch-and-semantic-subject	1	1
codex/m7-tooling-commit-route	5a08d07df0920c5112c06eb89726203c3288798f	5a08d07df0920c5112c06eb89726203c3288798f	docs(commit): govern hook bypass authority	d1f037ec1918d109ee7c469939a2db7c53b0fcd6	unique-replacement	2dbe687240a5302e1c2db1291d36d4d8f8e137ab	docs(commit): govern hook bypass authority	exact	reconstructed-replacement-lineage	accepted-main-unique-patch-and-semantic-subject	1	1
codex/m7-tooling-decomposition	4d72a992c013469f1593d17356a1c18453d96673	4d72a992c013469f1593d17356a1c18453d96673	docs(tooling): decompose canonical migration	1e21ec449d91805f89d59934eac17e8916c42265	unique-replacement	64849f7ce819104800e2dd2bddb92060da0f2dcd	docs(tooling): decompose canonical migration	exact	reconstructed-replacement-lineage	accepted-main-unique-patch-and-semantic-subject	1	1
codex/m7-tooling-editor-policy	e429a82fe09931123dc74d06435aa9391711d044	e429a82fe09931123dc74d06435aa9391711d044	docs(tooling): govern editor configuration selection	3f07135701aac368b24f537a86317d535f20fe9a	unique-replacement	a74aa6c62fa47be2619b29ae086dbdd99a2d409c	docs(tooling): govern editor configuration selection	exact	reconstructed-replacement-lineage	accepted-main-unique-patch-and-semantic-subject	1	1
codex/m7-tooling-editor-recipes	7bad8d37206e72d597a8c9ecaab0bd6ba753c718	7bad8d37206e72d597a8c9ecaab0bd6ba753c718	docs(tooling): extract EditorConfig recipes	b20fddacec23964d01a3b4bcc9e9ac63414ae9c4	unique-replacement	34571db4fb177b00b0d2311483899ef9b0faa513	docs(tooling): extract EditorConfig recipes	exact	reconstructed-replacement-lineage	accepted-main-unique-patch-and-semantic-subject	1	1
codex/m7-tooling-lint-policy	fd0af626a19c8b26919b4656d737741288135c44	fd0af626a19c8b26919b4656d737741288135c44	docs(tooling): govern lint policy selection	83a954d508f200aeb3469568a4b40aa53be7cc89	unique-replacement	69d6fee83698e02da69161263ac758014a87877a	docs(tooling): govern lint policy selection	exact	reconstructed-replacement-lineage	accepted-main-unique-patch-and-semantic-subject	1	1
codex/m7-tooling-lint-recipes	b847cd8598f3eb78f2aaf45a540cb8364c965b83	b847cd8598f3eb78f2aaf45a540cb8364c965b83	docs(tooling): extract linter taxonomy examples	98fa8f5233ae77260f43f93e2e1eedee00ac9318	unique-replacement	2b246ea70fc2362a466583459290b3b5264e7415	docs(tooling): extract linter taxonomy examples	exact	reconstructed-replacement-lineage	accepted-main-unique-patch-and-semantic-subject	1	1
codex/m7-tooling-owner	d850a145ec5628be65324192b9379049eefd375d	d850a145ec5628be65324192b9379049eefd375d	docs(tooling): establish orchestration authority	5210197fdbead3ed5cd13bdb71bf9bfba2707f9f	unique-replacement	5e86ccc44095e5affcf1eec5b2122ca1869f5c6c	docs(tooling): establish orchestration authority	exact	reconstructed-replacement-lineage	accepted-main-unique-patch-and-semantic-subject	1	1
codex/m7-tooling-owner-audit	2e186b174e5f1051ab7c99581f53451e9a2e89ef	2e186b174e5f1051ab7c99581f53451e9a2e89ef	docs(tooling): validate canonical ownership	20ee86202bdd45a71cfea1aba162bef5ee0bcf6d	unique-replacement	04a84b7436bd5d68e1307687c43154f35fde3766	docs(tooling): validate canonical ownership	exact	reconstructed-replacement-lineage	accepted-main-unique-patch-and-semantic-subject	1	1
codex/m7-tooling-recipes	7cb221644b34be34a5207d319c93eee9ede9d245	7cb221644b34be34a5207d319c93eee9ede9d245	docs(tooling): extract non-normative hook recipes	91e764b39f399a9cabe971da853f02b07717f195	unique-replacement	dc50396c5b3d5fc806f13f5f23ed7ad91ecef6cf	docs(tooling): extract non-normative hook recipes	exact	reconstructed-replacement-lineage	accepted-main-unique-patch-and-semantic-subject	1	1
codex/m7-tooling-typescript-replan	4c0b55b815a58ea6db92e7eccdba91be8be0199d	4c0b55b815a58ea6db92e7eccdba91be8be0199d	docs(plan): split TypeScript policy from tooling recipes	6bbea3979330e326ca7b8c8579429e85a9941809	unique-replacement	bc03e7dedc0b04b6a3be4847fc27738f1f509a8d	docs(plan): split TypeScript policy from tooling recipes	exact	reconstructed-replacement-lineage	accepted-main-unique-patch-and-semantic-subject	1	1
codex/m7-typescript-async-owner	0abe1a52d38e5f6de501ebca77e534db15160e8c	0abe1a52d38e5f6de501ebca77e534db15160e8c	docs(typescript): establish async specialization owner	df2f3d55c05e53f051940721fcca7ba4887d169a	unique-replacement	530ee6643352701df7d45815b94db78752b014af	docs(typescript): establish async specialization owner	exact	reconstructed-replacement-lineage	accepted-main-unique-patch-and-semantic-subject	1	1
codex/m7-typescript-async-population	37f6d66d87ae5a93735050189931b9b978e1428f	37f6d66d87ae5a93735050189931b9b978e1428f	docs(typescript): migrate stale-result policy	da0d0ad03c7e4ce1181b53534c5463301a1fe792	unique-replacement	a8b27f511276174a3603c2f714b3c020336e4161	docs(typescript): migrate stale-result policy	exact	reconstructed-replacement-lineage	accepted-main-unique-patch-and-semantic-subject	1	1
codex/m7-typescript-owner	e5adb4e4d8ec8a230c2a88a0d956c96d6abf5d5a	e5adb4e4d8ec8a230c2a88a0d956c96d6abf5d5a	docs(typescript): establish general language owner	a8d76e5fc9bbbfd262d9c946491f6dfb8e40b812	unique-replacement	27bfff85b0bea665b710c8cdd932205ec3442ad7	docs(typescript): establish general language owner	exact	reconstructed-replacement-lineage	accepted-main-unique-patch-and-semantic-subject	1	1
codex/m7-typescript-tooling-split	228079006d13e7ecf03f5a59910bb0cbe9b5c47c	228079006d13e7ecf03f5a59910bb0cbe9b5c47c	docs(typescript): split static policy from tooling recipes	89c5e44e31e67845aa29b927339cfa88f4198030	unique-replacement	96cfd34d80f4209959835a4b61c63d3f6d6f2a2d	docs(typescript): split static policy from tooling recipes	exact	reconstructed-replacement-lineage	accepted-main-unique-patch-and-semantic-subject	1	1
codex/m7-verification-consolidation	7782540f339cd821604a45fb17f3c3134b513d8a	7782540f339cd821604a45fb17f3c3134b513d8a	docs(verification): decompose legacy testing migration	8bb23bb6dca8e469d28d485c02876bea020d25d0	unique-replacement	a3fd3226c413dd30f733091d8e485a2d84ddcf28	docs(verification): decompose legacy testing migration	exact	reconstructed-replacement-lineage	accepted-main-unique-patch-and-semantic-subject	1	1
codex/m7-verification-gate-meaning	9961bae4b81b1908c6a74eba30288a189ac3c867	9961bae4b81b1908c6a74eba30288a189ac3c867	docs(verification): govern quality-gate evidence	579949e9564c3708d3d88b4da2238dd7c0319696	unique-replacement	07139fff05a42d4a6409a9bf9a6c078a0af44c4d	docs(verification): govern quality-gate evidence	exact	reconstructed-replacement-lineage	accepted-main-unique-patch-and-semantic-subject	1	1
codex/policy-impact-foundation	bda52eda6e393abb80d5da5d98d6437cdb6a5f99	bda52eda6e393abb80d5da5d98d6437cdb6a5f99	feat(standards): add policy impact foundation	79873a37d4894d1d663b48a2db3bbbcd51dfb35a	unique-replacement	5222c1d7cd6d623854114af26f612b4606a8369c	feat(standards): add policy impact foundation	exact	reconstructed-replacement-lineage	accepted-main-unique-patch-and-semantic-subject	1	1
codex/policy-impact-owner-closure	89bd3159e3cbbdd6b346eb8d9420dac4840a2f77	89bd3159e3cbbdd6b346eb8d9420dac4840a2f77	fix(standards): close audited policy suite impact	4ba6be604af4845daf192a0bff83d73bed1fc1ef	unique-replacement	7ae51ba996827cbf35cb6a5d73476b9eeb724437	fix(standards): close audited policy suite impact	exact	reconstructed-replacement-lineage	accepted-main-unique-patch-and-semantic-subject	1	1
codex/ve055-option4	4e625262eda0f13c3e0bf40ebc2524bae2737f0d	4e625262eda0f13c3e0bf40ebc2524bae2737f0d	docs(verification): select parent-owned row preflight	c598d3936c5d72b7bc44d7e6524bf01b646c314d	unique-replacement	b6c6791fe57e0a25640ea111f2b3aab18309529e	docs(verification): select parent-owned row preflight	exact	reconstructed-replacement-lineage	accepted-main-unique-patch-and-semantic-subject	1	1
codex/ve055-probes	06b128d90119eba63481d7593bbed4986e32a7e1	06b128d90119eba63481d7593bbed4986e32a7e1	docs(verification): classify parent-owned row packages	7a337c1683d789a05045ec63f9579e64e475b092	unique-replacement	bb65f3191034c03a7c784680d06b8892e2608081	docs(verification): classify parent-owned row packages	exact	reconstructed-replacement-lineage	accepted-main-unique-patch-and-semantic-subject	1	1
codex/ve056-s-preflight	3669e005d0b6d1a18abfd72887603609eef1490a	3669e005d0b6d1a18abfd72887603609eef1490a	docs(verification): record path-state capability trigger	add16f3c8a3170234d741667e575432e4c1d335e	unique-replacement	c8d91f089ab67c50382ff9e3d17bd4c1c7e53e00	docs(verification): record path-state capability trigger	exact	reconstructed-replacement-lineage	accepted-main-unique-patch-and-semantic-subject	1	1
codex/ve057-select	ebd35c0a35f0d7e2b905636cb781bd1cb10d012f	ebd35c0a35f0d7e2b905636cb781bd1cb10d012f	docs(verification): select unified path-state contract	8b484edd4791e9b83add26da78f9213f5dd43d2d	unique-replacement	454d80461fa937d969e03b506349bfef5d73c2ec	docs(verification): select unified path-state contract	exact	reconstructed-replacement-lineage	accepted-main-unique-patch-and-semantic-subject	1	1
codex/ve05758-impl	afee12f3647e9febdeef3f2459e7a99289d75c14	afee12f3647e9febdeef3f2459e7a99289d75c14	feat(verification): unify filesystem path state	a46d4a8d09eb59e68e76341dfeb4739acb399d51	unique-replacement	009b2ada62b8bbb15dc730993ee30927dc0cc16d	feat(verification): unify filesystem path state	exact	reconstructed-replacement-lineage	accepted-main-unique-patch-and-semantic-subject	1	1
codex/ve058-containment-replan	5e85970f5933e7a80be7e194307260c4724d8056	5e85970f5933e7a80be7e194307260c4724d8056	docs(verification): record containment helper trigger	a304b4f9bc2c1a27cdffb934b006fec84fbe762e	unique-replacement	24b8f681bf9046b365fd73035dc13efbdf1b0d1d	docs(verification): record containment helper trigger	exact	reconstructed-replacement-lineage	accepted-main-unique-patch-and-semantic-subject	1	1
codex/ve058-select	b21986c68ffcefb2acbb66b7fca1efe04b63de5d	b21986c68ffcefb2acbb66b7fca1efe04b63de5d	docs(verification): select shared containment resolver	8b7c6899b65323ae7560b391567227da25284b58	unique-replacement	53049540d432d4a36ca70ac9276df34a0c5e2195	docs(verification): select shared containment resolver	exact	reconstructed-replacement-lineage	accepted-main-unique-patch-and-semantic-subject	1	1
codex/work-proportionality-impact-recovery	c6576b8442e8c6d8ee20b746b0eda7282d776a4e	c6576b8442e8c6d8ee20b746b0eda7282d776a4e	docs(planning): admit policy impact recovery\n\nRecord the clean accepted M6-I16 base and freeze verifier-package migration before M6-I17. Define two ordered milestones: first accept a permanent bounded semantic consumer/impact relation and reverse query, then use it to correct coherent work slicing and the residual unconditional concurrent-plan consumer.\n\nProject the recovery as the sole current dependency in the parent and verification-engine plans without adding execution history to either active plan. Keep detailed admission evidence and findings in the recovery ledger and issue register.\n\nAll three affected plan structure checks, planning-admission, planning-consolidation, plan-template-projection, staged scope, and diff integrity pass.	5b20c0f7a0b19d176f1e0fd7e0f614bebcaa051e	unique-replacement	38ffe9b312e19e1e4b552436b43e6ea58180e0e2	docs(planning): admit policy impact recovery	accepted-subject-prefix	reconstructed-replacement-lineage	accepted-main-unique-patch-and-semantic-subject	1	1
codex/work-slice-proportionality	a49cbdae89153684c0d29b7b63960aa8881edb55	a49cbdae89153684c0d29b7b63960aa8881edb55	fix(standards): make planning work proportional	5a1edf2b7b11e9ad6e7f47b35f2d2ad65f1eaf4d	unique-replacement	6eeec89a3167bb84445d42d6a380c68f8a0382aa	fix(standards): make planning work proportional	exact	reconstructed-replacement-lineage	accepted-main-unique-patch-and-semantic-subject	1	1
