branch	tip	ancestry_to_main	patch_state	unique_commit_count	checkout_path	checkout_registration	explicit_purpose	disposition
codex/generic-edge-correctness	0b21ccc526d1496c6855790f47db426c7c909c94	divergent	patch-equivalent	0	none	none	not-recorded	candidate-map-review
codex/generic-edge-system	b3396023ff685f1a27056b3c8eed2b881e19e365	divergent	patch-equivalent	0	none	none	not-recorded	candidate-map-review
codex/m6-c1-admission	434ea84e64b6ca88b705920aa16164068500d1a2	divergent	patch-equivalent	0	none	none	not-recorded	candidate-map-review
codex/m6-c1-implementation	edd07142e6cef6920968c3e75dcb9990df41b317	divergent	patch-equivalent	0	none	none	not-recorded	candidate-map-review
codex/m6-c2-admission	6418bd3c5508665af4ce3db8f91dd5d0d6fd3082	divergent	patch-equivalent	0	none	none	not-recorded	candidate-map-review
codex/m6-c2-implementation	7c1db35ecf385bedec9ae8afebc60af2c842a822	divergent	patch-equivalent	0	none	none	not-recorded	candidate-map-review
codex/m6-c3-admission	416d6beecbf35f51524cae4b1ac733455d57b4d2	divergent	patch-equivalent	0	none	none	not-recorded	candidate-map-review
codex/m6-c3-implementation	067a7f3e40cc6ddc15a0f504a1a180c054bb6ea7	divergent	patch-equivalent	0	none	none	not-recorded	candidate-map-review
codex/m6-c4-admission	0e70d5e22189ab361ac039ec7a97a2ea25b10048	divergent	patch-equivalent	0	none	none	not-recorded	candidate-map-review
codex/m6-c4-implementation	15eadf60e70fbf12e76978267ae83396b773d185	divergent	patch-equivalent	0	none	none	not-recorded	candidate-map-review
codex/m6-s-admission	c7c89467a3db0127a416eadecc785f6a22de3ac1	divergent	patch-equivalent	0	none	none	not-recorded	candidate-map-review
codex/m6-s1	169321a4251109293dbc299dceb664b9a1272752	divergent	patch-equivalent	0	none	none	not-recorded	candidate-map-review
codex/m6-s2	e938d5ea0a6c9ddae3639f7ff66a0fdfb9969f8c	divergent	patch-equivalent	0	none	none	not-recorded	candidate-map-review
codex/m6-s3	8e09f1f52b4bdc1d179a0988a7d25bf58cf3203f	divergent	patch-equivalent	0	none	none	not-recorded	candidate-map-review
codex/m6-u0-repreflight	3c971e5230d670aed87f407a9b9a803cfdfde198	divergent	patch-equivalent	0	none	none	not-recorded	candidate-map-review
codex/m6-u1-proposal	7f85995fc29fc1fcc01ae86cc48afe779e6f1da4	divergent	unique	1	none	none	not-recorded	retain-unique-review
codex/m6-u10-proposal	0dc1ae2f01a00afcc705e888a34afce7432281ad	divergent	unique	1	none	none	not-recorded	retain-unique-review
codex/m6-u11-proposal	e91e77a5d35fed02992513661b9a8e08dcda69d4	divergent	unique	1	none	none	not-recorded	retain-unique-review
codex/m6-u12-proposal	cbbb4c2699d75b9e0e8b58d237f5055038cb797b	divergent	unique	1	none	none	not-recorded	retain-unique-review
codex/m6-u2-proposal	8945e1f95bc3cb08c1dbe5cfa2a3eec322de7799	divergent	unique	1	none	none	not-recorded	retain-unique-review
codex/m6-u3-proposal	b301e7ae893a86666567d240d75f7b3d63166bc4	divergent	unique	1	none	none	not-recorded	retain-unique-review
codex/m6-u4-proposal	e59cabe1dc6db258cc2557649f69b6e969fd01dd	divergent	unique	1	none	none	not-recorded	retain-unique-review
codex/m6-u5-proposal	d73d2c9d73f671bc6c583a8725097a65854ba984	divergent	unique	1	none	none	not-recorded	retain-unique-review
codex/m6-u6-proposal	e0866fb47eae6427ef79465bd4ba7b2c1941d765	divergent	unique	1	none	none	not-recorded	retain-unique-review
codex/m6-u7-proposal	943826651d81cf1ad282056234b5a1d014084ec7	divergent	unique	1	none	none	not-recorded	retain-unique-review
codex/m6-u8-proposal	d3611f3d448137690a3d00b937d3f6b55868b5a6	divergent	unique	1	none	none	not-recorded	retain-unique-review
codex/m6-u9-proposal	ea9c8580e29bbccd0e40745d02536d27b8f12eb9	divergent	unique	1	none	none	not-recorded	retain-unique-review
codex/m7-accelerated-replan	5ba38d54f8dc3c3277752baf3534d188c4404c46	divergent	patch-equivalent	0	none	none	not-recorded	candidate-map-review
codex/m7-architecture-owner	b48bcc06a5f92ce95a0a689a0b37b70fcaed500c	divergent	patch-equivalent	0	none	none	not-recorded	candidate-map-review
codex/m7-architecture-population	7361ec2d5ccd1af32d45972c557887a19533ece9	divergent	patch-equivalent	0	none	none	not-recorded	candidate-map-review
codex/m7-binding-artifact-compatibility	847de5f8126663c7aaf0bdf04f5bf6911ee7b577	divergent	patch-equivalent	0	none	none	not-recorded	candidate-map-review
codex/m7-binding-artifact-composition	94a2a78e3469aa50e4eceaabd1a8d0f4ad749615	divergent	patch-equivalent	0	none	none	not-recorded	candidate-map-review
codex/m7-binding-contract-evolution	34a8dc47b37e8f5804112f6c9c32e4f57b1ac4ae	divergent	patch-equivalent	0	none	none	not-recorded	candidate-map-review
codex/m7-binding-generation-authority	168f5d1f1da606fde188fe6974f272dd7ebbf091	divergent	patch-equivalent	0	none	none	not-recorded	candidate-map-review
codex/m7-binding-generation-decomposition	2c02819975ca5402196d026edb4382b1bacc5d07	divergent	patch-equivalent	0	none	none	not-recorded	candidate-map-review
codex/m7-binding-mechanism-selection	d61a98e8b9e69dea9ff8e4d48652f82190ea067d	divergent	patch-equivalent	0	none	none	not-recorded	candidate-map-review
codex/m7-binding-surface-contract	27d9ab681e67e35682752dc49bab0bd0ccd3315c	divergent	patch-equivalent	0	none	none	not-recorded	candidate-map-review
codex/m7-ci-orchestration-replan	5d53a357145152aafca3ab6d6dd3ed418e1b9bef	divergent	patch-equivalent	0	none	none	not-recorded	candidate-map-review
codex/m7-concurrency-specialization-replan	24d26a8ad2cc2ae9bbc556c2a88a65c8d5d3f396	divergent	patch-equivalent	0	none	none	not-recorded	candidate-map-review
codex/m7-contract-boundaries	a15d44a54017fd61fce8a56d7ed3f7f869dabff8	divergent	patch-equivalent	0	none	none	not-recorded	candidate-map-review
codex/m7-contract-invariants	ac9745a64ff16f9ecd00a355c707169c48cef039	divergent	patch-equivalent	0	none	none	not-recorded	candidate-map-review
codex/m7-core-code-discipline	ee9ec5a8182f2f021a75a571db70644bb850ed01	divergent	patch-equivalent	0	none	none	not-recorded	candidate-map-review
codex/m7-core-constants	e700a02573b0799638c61f3f94dbe1ffec1f38d6	divergent	patch-equivalent	0	none	none	not-recorded	candidate-map-review
codex/m7-core-simplicity	2129213fdb1cb460f5fa26bbba7674af09909749	divergent	patch-equivalent	0	none	none	not-recorded	candidate-map-review
codex/m7-csharp-async-index	beec53cc95f22bd0dad1d1440f6f2d45026ae195	divergent	patch-equivalent	0	none	none	not-recorded	candidate-map-review
codex/m7-csharp-async-owner	252574b2ea55f405ad210abb05fdde3721a0efc2	divergent	patch-equivalent	0	none	none	not-recorded	candidate-map-review
codex/m7-csharp-async-population	8dc10b38ccdc737f16eff75f37e09d125fad012b	divergent	patch-equivalent	0	none	none	not-recorded	candidate-map-review
codex/m7-decision-table-foundation	e9016aa5514e1abac8ec81a08358627351d6dfc8	divergent	patch-equivalent	0	none	none	not-recorded	candidate-map-review
codex/m7-dependencies-consolidation	911164a089492690733410915b1f5fb03b491cfe	divergent	patch-equivalent	0	none	none	not-recorded	candidate-map-review
codex/m7-dependencies-owner	3434dfa1667eb43e0a3b0f7cc27ed165fb4636d2	divergent	patch-equivalent	0	none	none	not-recorded	candidate-map-review
codex/m7-dependencies-population	84c739eb70643ef83ea1ae41837759dc2873d085	divergent	patch-equivalent	0	none	none	not-recorded	candidate-map-review
codex/m7-dependency-route	83304797747390a5c602ae55511cb97d25beadf2	divergent	patch-equivalent	0	none	none	not-recorded	candidate-map-review
codex/m7-disabled-lifecycle	92a8b2c5f19f889b2281aeabd49ee9575b97e0c5	divergent	patch-equivalent	0	none	none	not-recorded	candidate-map-review
codex/m7-disabled-verification	92406e4303519fa168816f0e9aa00d5c711e6505	divergent	patch-equivalent	0	none	none	not-recorded	candidate-map-review
codex/m7-formatter-command-recipes	e176190fcc3187778ee842c5d5f45fcbbd3f000b	divergent	patch-equivalent	0	none	none	not-recorded	candidate-map-review
codex/m7-formatting-policy	96eec500617fd6efdde65f178e2274f5d3be8139	divergent	patch-equivalent	0	none	none	not-recorded	candidate-map-review
codex/m7-formatting-replan	70524c9fcf1ae1c5de2f218ee168d671e3091a8e	divergent	patch-equivalent	0	none	none	not-recorded	candidate-map-review
codex/m7-frontend-owner	00f4d6c7571cdbd232c09d40f92497de00851de8	divergent	patch-equivalent	0	none	none	not-recorded	candidate-map-review
codex/m7-generated-command-security	c251eaffd71b95ab7ecc9bc3634ead3eb745b550	divergent	patch-equivalent	0	none	none	not-recorded	candidate-map-review
codex/m7-godot-owner	c7f3cd5fc8a5099b0b0d89b17cfb201ffaf720b4	divergent	patch-equivalent	0	none	none	not-recorded	candidate-map-review
codex/m7-godot-population	3a572d7f3519a3f0e755d37402abe4a5f8765650	divergent	patch-equivalent	0	none	none	not-recorded	candidate-map-review
codex/m7-gui-smoke-verification	16e8e8ada460167fc4f95e8bbe2a857badf06efd	divergent	patch-equivalent	0	none	none	not-recorded	candidate-map-review
codex/m7-language-routing	a8cb14dde453e8d2750c4cbc05fd0e97c93a5c04	divergent	patch-equivalent	0	none	none	not-recorded	candidate-map-review
codex/m7-launcher-owner	812f335b59fb49bcb9774aab937c9e46a27b22d9	divergent	patch-equivalent	0	none	none	not-recorded	candidate-map-review
codex/m7-launcher-population	8e12d60e03f14d39224505921b27cb67d2cf468d	divergent	patch-equivalent	0	none	none	not-recorded	candidate-map-review
codex/m7-launcher-row14-decomposition	be5d4ef46317aa010a414c2e604eea21792a1995	divergent	patch-equivalent	0	none	none	not-recorded	candidate-map-review
codex/m7-licensing-owner	d24ada37cd1fa2cb19a38ea6ed0ac653d0e0423d	divergent	patch-equivalent	0	none	none	not-recorded	candidate-map-review
codex/m7-performance-owner	eebbd81eb9928eee24def75e777e077b1766ef2c	divergent	patch-equivalent	0	none	none	not-recorded	candidate-map-review
codex/m7-planning-consolidation	3859f739e8e0de99adf8f5d49ca7bea0ec8e794f	divergent	patch-equivalent	0	none	none	not-recorded	candidate-map-review
codex/m7-release-binding-generation-procedures	7ab550f8d1bdd3a03965fc741ac8e3c56c635431	divergent	patch-equivalent	0	none	none	not-recorded	candidate-map-review
codex/m7-release-build-procedure	10499ac2fc87a4b790230274241cc29951befb4b	divergent	patch-equivalent	0	none	none	not-recorded	candidate-map-review
codex/m7-resilience-errors	a23015604797161d60821f9d9ad95daa48c465bf	divergent	patch-equivalent	0	none	none	not-recorded	candidate-map-review
codex/m7-resilience-owner-contract	4d631a910e219dc19c3468cf884a36eb9aad28bc	divergent	patch-equivalent	0	none	none	not-recorded	candidate-map-review
codex/m7-resilience-population	90a44ea88e6b576723ec8af7917d2969e7e9b070	divergent	patch-equivalent	0	none	none	not-recorded	candidate-map-review
codex/m7-row15-decomposition	159b8f780527ccb69c38d8ca83905d40c07528ca	divergent	patch-equivalent	0	none	none	not-recorded	candidate-map-review
codex/m7-row5-decomposition	759d836dc4eeb334b956b40a9da2ba6655ff77ed	divergent	patch-equivalent	0	none	none	not-recorded	candidate-map-review
codex/m7-row7-decomposition	875b104ef9cafa22abf5996cc9720b51c9c3394f	divergent	patch-equivalent	0	none	none	not-recorded	candidate-map-review
codex/m7-rust-binding-annotation-placement	a6cce57901871097cd6b6e79e251c78547067936	divergent	patch-equivalent	0	none	none	not-recorded	candidate-map-review
codex/m7-rust-binding-index-closure	6fc432235db23a32f3453ab8edf3cef31b056f4d	divergent	patch-equivalent	0	none	none	not-recorded	candidate-map-review
codex/m7-rust-binding-package-placement	b7cb41936dc2bfc3577f5f7ba12b85a84c83aea7	divergent	patch-equivalent	0	none	none	not-recorded	candidate-map-review
codex/m7-rust-binding-workspace	e254b9063b3704871ba222c589286cd041a7e5f5	divergent	patch-equivalent	0	none	none	not-recorded	candidate-map-review
codex/m7-rust-concurrency-index	f6d2fb8f2f88d726122d29ffb809dbe4f8e505f7	divergent	patch-equivalent	0	none	none	not-recorded	candidate-map-review
codex/m7-rust-contract-discovery	0c34e18c9e985fffe7fc1ac80385ea0729f4f02e	divergent	patch-equivalent	0	none	none	not-recorded	candidate-map-review
codex/m7-rust-core-adapter-testability	9f0a2622bad2e8c76ad7935e8b3c6b4ce471a7eb	divergent	patch-equivalent	0	none	none	not-recorded	candidate-map-review
codex/m7-rust-security-0826	7e2c204e62eb46cc7c14f58529a6aeca54e586ea	divergent	patch-equivalent	0	none	none	not-recorded	candidate-map-review
codex/m7-testing-acceptance-path	070141a534ac18eb10b073ff20394add5d577d14	divergent	patch-equivalent	0	none	none	not-recorded	candidate-map-review
codex/m7-testing-async-evidence	7929590ab73650031521d7b5b07106976ecc6266	divergent	patch-equivalent	0	none	none	not-recorded	candidate-map-review
codex/m7-testing-concurrency	c49e6fbac00f2c22c2dd679dbd770f8e657d48a6	divergent	patch-equivalent	0	none	none	not-recorded	candidate-map-review
codex/m7-testing-contract-artifacts	22111bb0b74781bc26b18df7393cbb8250a9e3cc	divergent	patch-equivalent	0	none	none	not-recorded	candidate-map-review
codex/m7-testing-coverage-docs	7f560a3bca9112ce386460f34b583fe11b3d2bf4	divergent	patch-equivalent	0	none	none	not-recorded	candidate-map-review
codex/m7-testing-data-lifecycle	67e2d104bb992a159bdbfd6ba29a011af39a3cc0	divergent	patch-equivalent	0	none	none	not-recorded	candidate-map-review
codex/m7-testing-focused-design	dd75523d297bf10735375fe4f38c1700b2a1896f	divergent	patch-equivalent	0	none	none	not-recorded	candidate-map-review
codex/m7-testing-frontend	e8f858cbe754362f1b832dbbf885475ae5e0ff3b	divergent	patch-equivalent	0	none	none	not-recorded	candidate-map-review
codex/m7-testing-gates-diagnosis	5a25d7c797d4931b58f5750c46caa69b77927d68	divergent	patch-equivalent	0	none	none	not-recorded	candidate-map-review
codex/m7-testing-language-bindings	417edea9081c9be3afcdcef00c5c5f2a76130aad	divergent	patch-equivalent	0	none	none	not-recorded	candidate-map-review
codex/m7-testing-organization	407a2bd92dde1c3ff2097515ea357a6c4414c300	divergent	patch-equivalent	0	none	none	not-recorded	candidate-map-review
codex/m7-testing-performance	875581352a94f93a8ae904c375bc7bcaa5f8e049	divergent	patch-equivalent	0	none	none	not-recorded	candidate-map-review
codex/m7-testing-resilience	bc7b59d74fec1e191e230268e2f00a344da183e7	divergent	patch-equivalent	0	none	none	not-recorded	candidate-map-review
codex/m7-testing-source-closure	547243590e9fe2a9e0d9037f5830b0f392a9274b	divergent	patch-equivalent	0	none	none	not-recorded	candidate-map-review
codex/m7-testing-verification-decomposition	d6c4b629dac74576aba7ddd1360730d6343863cb	divergent	patch-equivalent	0	none	none	not-recorded	candidate-map-review
codex/m7-tooling-commit-route	5a08d07df0920c5112c06eb89726203c3288798f	divergent	patch-equivalent	0	none	none	not-recorded	candidate-map-review
codex/m7-tooling-decomposition	4d72a992c013469f1593d17356a1c18453d96673	divergent	patch-equivalent	0	none	none	not-recorded	candidate-map-review
codex/m7-tooling-editor-policy	e429a82fe09931123dc74d06435aa9391711d044	divergent	patch-equivalent	0	none	none	not-recorded	candidate-map-review
codex/m7-tooling-editor-recipes	7bad8d37206e72d597a8c9ecaab0bd6ba753c718	divergent	patch-equivalent	0	none	none	not-recorded	candidate-map-review
codex/m7-tooling-lint-policy	fd0af626a19c8b26919b4656d737741288135c44	divergent	patch-equivalent	0	none	none	not-recorded	candidate-map-review
codex/m7-tooling-lint-recipes	b847cd8598f3eb78f2aaf45a540cb8364c965b83	divergent	patch-equivalent	0	none	none	not-recorded	candidate-map-review
codex/m7-tooling-owner	d850a145ec5628be65324192b9379049eefd375d	divergent	patch-equivalent	0	none	none	not-recorded	candidate-map-review
codex/m7-tooling-owner-audit	2e186b174e5f1051ab7c99581f53451e9a2e89ef	divergent	patch-equivalent	0	none	none	not-recorded	candidate-map-review
codex/m7-tooling-recipes	7cb221644b34be34a5207d319c93eee9ede9d245	divergent	patch-equivalent	0	none	none	not-recorded	candidate-map-review
codex/m7-tooling-typescript-replan	4c0b55b815a58ea6db92e7eccdba91be8be0199d	divergent	patch-equivalent	0	none	none	not-recorded	candidate-map-review
codex/m7-typescript-async-owner	0abe1a52d38e5f6de501ebca77e534db15160e8c	divergent	patch-equivalent	0	none	none	not-recorded	candidate-map-review
codex/m7-typescript-async-population	37f6d66d87ae5a93735050189931b9b978e1428f	divergent	patch-equivalent	0	none	none	not-recorded	candidate-map-review
codex/m7-typescript-owner	e5adb4e4d8ec8a230c2a88a0d956c96d6abf5d5a	divergent	patch-equivalent	0	none	none	not-recorded	candidate-map-review
codex/m7-typescript-tooling-split	228079006d13e7ecf03f5a59910bb0cbe9b5c47c	divergent	patch-equivalent	0	none	none	not-recorded	candidate-map-review
codex/m7-verification-consolidation	7782540f339cd821604a45fb17f3c3134b513d8a	divergent	patch-equivalent	0	none	none	not-recorded	candidate-map-review
codex/m7-verification-gate-meaning	9961bae4b81b1908c6a74eba30288a189ac3c867	divergent	patch-equivalent	0	none	none	not-recorded	candidate-map-review
codex/policy-impact-foundation	bda52eda6e393abb80d5da5d98d6437cdb6a5f99	divergent	patch-equivalent	0	none	none	not-recorded	candidate-map-review
codex/policy-impact-owner-closure	89bd3159e3cbbdd6b346eb8d9420dac4840a2f77	divergent	patch-equivalent	0	none	none	not-recorded	candidate-map-review
codex/ve055-option4	4e625262eda0f13c3e0bf40ebc2524bae2737f0d	divergent	patch-equivalent	0	none	none	not-recorded	candidate-map-review
codex/ve055-probes	06b128d90119eba63481d7593bbed4986e32a7e1	divergent	patch-equivalent	0	none	none	not-recorded	candidate-map-review
codex/ve056-s-preflight	3669e005d0b6d1a18abfd72887603609eef1490a	divergent	patch-equivalent	0	none	none	not-recorded	candidate-map-review
codex/ve057-select	ebd35c0a35f0d7e2b905636cb781bd1cb10d012f	divergent	patch-equivalent	0	none	none	not-recorded	candidate-map-review
codex/ve05758-impl	afee12f3647e9febdeef3f2459e7a99289d75c14	divergent	patch-equivalent	0	none	none	not-recorded	candidate-map-review
codex/ve058-containment-replan	5e85970f5933e7a80be7e194307260c4724d8056	divergent	patch-equivalent	0	none	none	not-recorded	candidate-map-review
codex/ve058-select	b21986c68ffcefb2acbb66b7fca1efe04b63de5d	divergent	patch-equivalent	0	none	none	not-recorded	candidate-map-review
codex/work-proportionality-impact-recovery	c6576b8442e8c6d8ee20b746b0eda7282d776a4e	divergent	patch-equivalent	0	none	none	not-recorded	candidate-map-review
codex/work-slice-proportionality	a49cbdae89153684c0d29b7b63960aa8881edb55	divergent	patch-equivalent	0	none	none	not-recorded	candidate-map-review
main	5165deaadf4702339ece30f2a117691867cb7ca5	ancestral	not-needed	0	/media/jeremy/OrangeCream/Linux Software/repos/owned/developer-tooling/Coding-Standards	current	not-recorded	retain-integration
