worktree	head	branch	registration	path_state	locked	disposition
/media/jeremy/OrangeCream/Linux Software/repos/owned/developer-tooling/Coding-Standards	8cce95b27220faa3ed115542c7242464d04df225	main	current	present	no	retain-review
/tmp/coding-standards-generated-repair	d639f21159ad97fe1c4a94c0c44ddc1a189d0253	detached	prunable	missing	no	candidate-prune-registration
/tmp/coding-standards-plan-consumers	89584f65b348b65e964a749ef5cea9fde0875b90	detached	prunable	missing	no	candidate-prune-registration
/tmp/coding-standards-planning-profile	5f2de05bdd6c4a51c7def0bcd9aa81c4be6d558e	detached	prunable	missing	no	candidate-prune-registration
/tmp/coding-standards-planning-profile-final	98cb81bff57bfeaf0648888ec59546cfff430224	detached	prunable	missing	no	candidate-prune-registration
/tmp/coding-standards-planning-recovery	123cb3cf2a0029149ed19751269fa2cefac3f8f0	detached	prunable	missing	no	candidate-prune-registration
/tmp/coding-standards-ppr-c1	8da6e812a233742965e819e6ccad55a31a04f013	detached	prunable	missing	no	candidate-prune-registration
/tmp/coding-standards-ppr-c2-history	e8769e174c9185eaf55c8b57b5b63dfd6ab9fea9	detached	prunable	missing	no	candidate-prune-registration
/tmp/coding-standards-ppr-c2-special	076f235efcd7b559e57a6309b09759dde8e2254e	detached	prunable	missing	no	candidate-prune-registration
/tmp/coding-standards-ppr-c2-special-final	076f235efcd7b559e57a6309b09759dde8e2254e	detached	prunable	missing	no	candidate-prune-registration
/tmp/cs-7.4b5d	6052c672ab1ad1335964ccf47d257d2b7990a756	detached	prunable	missing	no	candidate-prune-registration
/tmp/cs-7.4b5e	017c64af7c192398c2d5e7e2ff948781e5dedc29	detached	prunable	missing	no	candidate-prune-registration
/tmp/cs-7.4b5f	f1a7a6901d1198f307ae07934d1420bef8aac335	detached	prunable	missing	no	candidate-prune-registration
/tmp/cs-7.4b6	e6b3ab9a288b70dec04fdd9d4c8497b74975d8f9	detached	prunable	missing	no	candidate-prune-registration
/tmp/cs-7.4b7a	cde186762505a7538ecc9484eca7005d41f33929	detached	prunable	missing	no	candidate-prune-registration
/tmp/cs-7.4b7b	fae932437bdee87a70892d9cb834dd2aeb46c4fd	detached	prunable	missing	no	candidate-prune-registration
/tmp/cs-7.4b7c	6319a55759027fb6c718ef964220912f30ac05df	detached	prunable	missing	no	candidate-prune-registration
/tmp/cs-7.4b7d	2e1e101c51ee1d3a604c437cd32143110615a3bc	detached	prunable	missing	no	candidate-prune-registration
/tmp/cs-7.4b7e	9658c18beb4ca710e7519e5467f02a8c18699d5a	detached	prunable	missing	no	candidate-prune-registration
/tmp/cs-7.4b7f	db5c9c1e018952d6ab3a3920c1dbd278e3ce7b0a	detached	prunable	missing	no	candidate-prune-registration
/tmp/cs-7.4b7f1	f4975175800a630e12e774e8b2f72f489a8c7e69	detached	prunable	missing	no	candidate-prune-registration
/tmp/cs-7.4b7f2	9203442e347c8b95005a5597238d8e536461eca9	detached	prunable	missing	no	candidate-prune-registration
/tmp/cs-7.4b7g	f4975175800a630e12e774e8b2f72f489a8c7e69	detached	prunable	missing	no	candidate-prune-registration
/tmp/cs-7.4b7g-corrected	ded5c2248736043d818a5bb67da086399a3bb7f4	detached	prunable	missing	no	candidate-prune-registration
/tmp/cs-7.4b7h	353bc08f24e9e04d09e2c4c84afe97a9fb538b32	detached	prunable	missing	no	candidate-prune-registration
/tmp/cs-7.4b7i	877d807631c5fd038368f7511cf208df4eddc3a0	detached	prunable	missing	no	candidate-prune-registration
/tmp/cs-7.4b7j	ba81cf71c0a8ffd4907ef931257799a4f380b278	detached	prunable	missing	no	candidate-prune-registration
/tmp/cs-7.4b7k	ca042fb99b7d9342d3b158c8da417303a8a0cb63	detached	prunable	missing	no	candidate-prune-registration
/tmp/cs-7.4b7l	3309ef01e14704b4cd367d73b0ee6ea145f9acc9	detached	prunable	missing	no	candidate-prune-registration
/tmp/cs-7.4b7m	8a9db721dbfbf24c36f966b4db6431d216c5d06f	detached	prunable	missing	no	candidate-prune-registration
/tmp/cs-7.4b7n	286dc75a1a017258d4124225accd537fb462dcd1	detached	prunable	missing	no	candidate-prune-registration
/tmp/cs-7.4b7o	8a3edb06c061629428205a7437aeb945d5c686a2	detached	prunable	missing	no	candidate-prune-registration
/tmp/cs-7.4b8a	c5854ad816ac84856c2905ea9613f487cadce122	detached	prunable	missing	no	candidate-prune-registration
/tmp/cs-7.4b8aa	27d9ab681e67e35682752dc49bab0bd0ccd3315c	codex/m7-binding-surface-contract	prunable	missing	no	candidate-prune-registration
/tmp/cs-7.4b8ab	2c02819975ca5402196d026edb4382b1bacc5d07	codex/m7-binding-generation-decomposition	prunable	missing	no	candidate-prune-registration
/tmp/cs-7.4b8ac	168f5d1f1da606fde188fe6974f272dd7ebbf091	codex/m7-binding-generation-authority	prunable	missing	no	candidate-prune-registration
/tmp/cs-7.4b8ad	a6cce57901871097cd6b6e79e251c78547067936	codex/m7-rust-binding-annotation-placement	prunable	missing	no	candidate-prune-registration
/tmp/cs-7.4b8ae	7ab550f8d1bdd3a03965fc741ac8e3c56c635431	codex/m7-release-binding-generation-procedures	prunable	missing	no	candidate-prune-registration
/tmp/cs-7.4b8af	6fc432235db23a32f3453ab8edf3cef31b056f4d	codex/m7-rust-binding-index-closure	prunable	missing	no	candidate-prune-registration
/tmp/cs-7.4b8ai	4d631a910e219dc19c3468cf884a36eb9aad28bc	codex/m7-resilience-owner-contract	prunable	missing	no	candidate-prune-registration
/tmp/cs-7.4b8aj	90a44ea88e6b576723ec8af7917d2969e7e9b070	codex/m7-resilience-population	prunable	missing	no	candidate-prune-registration
/tmp/cs-7.4b8ak	beec53cc95f22bd0dad1d1440f6f2d45026ae195	codex/m7-csharp-async-index	prunable	missing	no	candidate-prune-registration
/tmp/cs-7.4b8al-plan	24d26a8ad2cc2ae9bbc556c2a88a65c8d5d3f396	codex/m7-concurrency-specialization-replan	prunable	missing	no	candidate-prune-registration
/tmp/cs-7.4b8am	252574b2ea55f405ad210abb05fdde3721a0efc2	codex/m7-csharp-async-owner	prunable	missing	no	candidate-prune-registration
/tmp/cs-7.4b8an	8dc10b38ccdc737f16eff75f37e09d125fad012b	codex/m7-csharp-async-population	prunable	missing	no	candidate-prune-registration
/tmp/cs-7.4b8ao	f6d2fb8f2f88d726122d29ffb809dbe4f8e505f7	codex/m7-rust-concurrency-index	prunable	missing	no	candidate-prune-registration
/tmp/cs-7.4b8ap	0abe1a52d38e5f6de501ebca77e534db15160e8c	codex/m7-typescript-async-owner	prunable	missing	no	candidate-prune-registration
/tmp/cs-7.4b8aq	37f6d66d87ae5a93735050189931b9b978e1428f	codex/m7-typescript-async-population	prunable	missing	no	candidate-prune-registration
/tmp/cs-7.4b8ar	c7f3cd5fc8a5099b0b0d89b17cfb201ffaf720b4	codex/m7-godot-owner	prunable	missing	no	candidate-prune-registration
/tmp/cs-7.4b8as	3a572d7f3519a3f0e755d37402abe4a5f8765650	codex/m7-godot-population	prunable	missing	no	candidate-prune-registration
/tmp/cs-7.4b8at	812f335b59fb49bcb9774aab937c9e46a27b22d9	codex/m7-launcher-owner	prunable	missing	no	candidate-prune-registration
/tmp/cs-7.4b8au	be5d4ef46317aa010a414c2e604eea21792a1995	codex/m7-launcher-row14-decomposition	prunable	missing	no	candidate-prune-registration
/tmp/cs-7.4b8av	8e12d60e03f14d39224505921b27cb67d2cf468d	codex/m7-launcher-population	prunable	missing	no	candidate-prune-registration
/tmp/cs-7.4b8aw	16e8e8ada460167fc4f95e8bbe2a857badf06efd	codex/m7-gui-smoke-verification	prunable	missing	no	candidate-prune-registration
/tmp/cs-7.4b8ax	3434dfa1667eb43e0a3b0f7cc27ed165fb4636d2	codex/m7-dependencies-owner	prunable	missing	no	candidate-prune-registration
/tmp/cs-7.4b8ay	84c739eb70643ef83ea1ae41837759dc2873d085	codex/m7-dependencies-population	prunable	missing	no	candidate-prune-registration
/tmp/cs-7.4b8az	10499ac2fc87a4b790230274241cc29951befb4b	codex/m7-release-build-procedure	prunable	missing	no	candidate-prune-registration
/tmp/cs-7.4b8b	ddd6aabec98e691a0f06276c13d89f4353206995	detached	prunable	missing	no	candidate-prune-registration
/tmp/cs-7.4b8ba	c251eaffd71b95ab7ecc9bc3634ead3eb745b550	codex/m7-generated-command-security	prunable	missing	no	candidate-prune-registration
/tmp/cs-7.4b8bb	159b8f780527ccb69c38d8ca83905d40c07528ca	codex/m7-row15-decomposition	prunable	missing	no	candidate-prune-registration
/tmp/cs-7.4b8bc	2129213fdb1cb460f5fa26bbba7674af09909749	codex/m7-core-simplicity	prunable	missing	no	candidate-prune-registration
/tmp/cs-7.4b8bd	b48bcc06a5f92ce95a0a689a0b37b70fcaed500c	codex/m7-architecture-owner	prunable	missing	no	candidate-prune-registration
/tmp/cs-7.4b8be	7361ec2d5ccd1af32d45972c557887a19533ece9	codex/m7-architecture-population	prunable	missing	no	candidate-prune-registration
/tmp/cs-7.4b8bf	e700a02573b0799638c61f3f94dbe1ffec1f38d6	codex/m7-core-constants	prunable	missing	no	candidate-prune-registration
/tmp/cs-7.4b8bg	a23015604797161d60821f9d9ad95daa48c465bf	codex/m7-resilience-errors	prunable	missing	no	candidate-prune-registration
/tmp/cs-7.4b8bh	a15d44a54017fd61fce8a56d7ed3f7f869dabff8	codex/m7-contract-boundaries	prunable	missing	no	candidate-prune-registration
/tmp/cs-7.4b8bi	83304797747390a5c602ae55511cb97d25beadf2	codex/m7-dependency-route	prunable	missing	no	candidate-prune-registration
/tmp/cs-7.4b8bj	ee9ec5a8182f2f021a75a571db70644bb850ed01	codex/m7-core-code-discipline	prunable	missing	no	candidate-prune-registration
/tmp/cs-7.4b8bk	ac9745a64ff16f9ecd00a355c707169c48cef039	codex/m7-contract-invariants	prunable	missing	no	candidate-prune-registration
/tmp/cs-7.4b8bl	92a8b2c5f19f889b2281aeabd49ee9575b97e0c5	codex/m7-disabled-lifecycle	prunable	missing	no	candidate-prune-registration
/tmp/cs-7.4b8bm	92406e4303519fa168816f0e9aa00d5c711e6505	codex/m7-disabled-verification	prunable	missing	no	candidate-prune-registration
/tmp/cs-7.4b8bn	d24ada37cd1fa2cb19a38ea6ed0ac653d0e0423d	codex/m7-licensing-owner	prunable	missing	no	candidate-prune-registration
/tmp/cs-7.4b8bo	a8cb14dde453e8d2750c4cbc05fd0e97c93a5c04	codex/m7-language-routing	prunable	missing	no	candidate-prune-registration
/tmp/cs-7.4b8bp	e5adb4e4d8ec8a230c2a88a0d956c96d6abf5d5a	codex/m7-typescript-owner	prunable	missing	no	candidate-prune-registration
/tmp/cs-7.4b8bq	00f4d6c7571cdbd232c09d40f92497de00851de8	codex/m7-frontend-owner	prunable	missing	no	candidate-prune-registration
/tmp/cs-7.4b8br	eebbd81eb9928eee24def75e777e077b1766ef2c	codex/m7-performance-owner	prunable	missing	no	candidate-prune-registration
/tmp/cs-7.4b8bs	911164a089492690733410915b1f5fb03b491cfe	codex/m7-dependencies-consolidation	prunable	missing	no	candidate-prune-registration
/tmp/cs-7.4b8bt	3859f739e8e0de99adf8f5d49ca7bea0ec8e794f	codex/m7-planning-consolidation	prunable	missing	no	candidate-prune-registration
/tmp/cs-7.4b8bu	7782540f339cd821604a45fb17f3c3134b513d8a	codex/m7-verification-consolidation	prunable	missing	no	candidate-prune-registration
/tmp/cs-7.4b8bv	c49e6fbac00f2c22c2dd679dbd770f8e657d48a6	codex/m7-testing-concurrency	prunable	missing	no	candidate-prune-registration
/tmp/cs-7.4b8bw	417edea9081c9be3afcdcef00c5c5f2a76130aad	codex/m7-testing-language-bindings	prunable	missing	no	candidate-prune-registration
/tmp/cs-7.4b8bx	bc7b59d74fec1e191e230268e2f00a344da183e7	codex/m7-testing-resilience	prunable	missing	no	candidate-prune-registration
/tmp/cs-7.4b8by	22111bb0b74781bc26b18df7393cbb8250a9e3cc	codex/m7-testing-contract-artifacts	prunable	missing	no	candidate-prune-registration
/tmp/cs-7.4b8bz	e8f858cbe754362f1b832dbbf885475ae5e0ff3b	codex/m7-testing-frontend	prunable	missing	no	candidate-prune-registration
/tmp/cs-7.4b8c	7e2dd88bd5f8d8d31e248d9e23be7efaac832b15	detached	prunable	missing	no	candidate-prune-registration
/tmp/cs-7.4b8ca	875581352a94f93a8ae904c375bc7bcaa5f8e049	codex/m7-testing-performance	prunable	missing	no	candidate-prune-registration
/tmp/cs-7.4b8cb	d6c4b629dac74576aba7ddd1360730d6343863cb	codex/m7-testing-verification-decomposition	prunable	missing	no	candidate-prune-registration
/tmp/cs-7.4b8cc	070141a534ac18eb10b073ff20394add5d577d14	codex/m7-testing-acceptance-path	prunable	missing	no	candidate-prune-registration
/tmp/cs-7.4b8cd	dd75523d297bf10735375fe4f38c1700b2a1896f	codex/m7-testing-focused-design	prunable	missing	no	candidate-prune-registration
/tmp/cs-7.4b8ce	407a2bd92dde1c3ff2097515ea357a6c4414c300	codex/m7-testing-organization	prunable	missing	no	candidate-prune-registration
/tmp/cs-7.4b8cf	7f560a3bca9112ce386460f34b583fe11b3d2bf4	codex/m7-testing-coverage-docs	prunable	missing	no	candidate-prune-registration
/tmp/cs-7.4b8cg	67e2d104bb992a159bdbfd6ba29a011af39a3cc0	codex/m7-testing-data-lifecycle	prunable	missing	no	candidate-prune-registration
/tmp/cs-7.4b8ch	7929590ab73650031521d7b5b07106976ecc6266	codex/m7-testing-async-evidence	prunable	missing	no	candidate-prune-registration
/tmp/cs-7.4b8ci	5a25d7c797d4931b58f5750c46caa69b77927d68	codex/m7-testing-gates-diagnosis	prunable	missing	no	candidate-prune-registration
/tmp/cs-7.4b8cj	547243590e9fe2a9e0d9037f5830b0f392a9274b	codex/m7-testing-source-closure	prunable	missing	no	candidate-prune-registration
/tmp/cs-7.4b8d	53a6bcf9429d8b08940e9182b409a34bb434c6b5	detached	prunable	missing	no	candidate-prune-registration
/tmp/cs-7.4b8e	c6cb34ef375f3701a5058bf18e595090267db359	detached	prunable	missing	no	candidate-prune-registration
/tmp/cs-7.4b8f	954aa77e8582d0ef75b8788d50642ff03e5ca912	detached	prunable	missing	no	candidate-prune-registration
/tmp/cs-7.4b8g	c351b9d5808c1806165beb434e6a787c7141fc04	detached	prunable	missing	no	candidate-prune-registration
/tmp/cs-7.4b8h	262e5a2ab59667894604cbe12e222b3a4aae1430	detached	prunable	missing	no	candidate-prune-registration
/tmp/cs-7.4b8i	5b7adab6a1f054128b4683afc2cb0c79273edd6e	codex/standards-7.4b8i	prunable	missing	no	candidate-prune-registration
/tmp/cs-7.4b8j	3a870ba8890701ca614bb4f91139e4970f327d60	codex/standards-7.4b8j	prunable	missing	no	candidate-prune-registration
/tmp/cs-7.4b8k	4b4329f3f53c78aad6d67bb20890b42d9a63db5e	codex/standards-7.4b8k	prunable	missing	no	candidate-prune-registration
/tmp/cs-7.4b8l-acceleration	5ba38d54f8dc3c3277752baf3534d188c4404c46	codex/m7-accelerated-replan	prunable	missing	no	candidate-prune-registration
/tmp/cs-7.4b8m-decision-table	e9016aa5514e1abac8ec81a08358627351d6dfc8	codex/m7-decision-table-foundation	prunable	missing	no	candidate-prune-registration
/tmp/cs-7.4b8n-row5	759d836dc4eeb334b956b40a9da2ba6655ff77ed	codex/m7-row5-decomposition	prunable	missing	no	candidate-prune-registration
/tmp/cs-7.4b8o-core-adapter	9f0a2622bad2e8c76ad7935e8b3c6b4ce471a7eb	codex/m7-rust-core-adapter-testability	prunable	missing	no	candidate-prune-registration
/tmp/cs-7.4b8p-mechanism	d61a98e8b9e69dea9ff8e4d48652f82190ea067d	codex/m7-binding-mechanism-selection	prunable	missing	no	candidate-prune-registration
/tmp/cs-7.4b8q-evolution	34a8dc47b37e8f5804112f6c9c32e4f57b1ac4ae	codex/m7-binding-contract-evolution	prunable	missing	no	candidate-prune-registration
/tmp/cs-7.4b8r-discovery	0c34e18c9e985fffe7fc1ac80385ea0729f4f02e	codex/m7-rust-contract-discovery	prunable	missing	no	candidate-prune-registration
/tmp/cs-7.4b8v	ca622cc12fcd3fe6ebebdaa12d8f150c3573a22c	codex/7.4b8v-platform-evidence	prunable	missing	no	candidate-prune-registration
/tmp/cs-7.4b8w	875b104ef9cafa22abf5996cc9720b51c9c3394f	codex/m7-row7-decomposition	prunable	missing	no	candidate-prune-registration
/tmp/cs-7.4b8x	e254b9063b3704871ba222c589286cd041a7e5f5	codex/m7-rust-binding-workspace	prunable	missing	no	candidate-prune-registration
/tmp/cs-7.4b8y	94a2a78e3469aa50e4eceaabd1a8d0f4ad749615	codex/m7-binding-artifact-composition	prunable	missing	no	candidate-prune-registration
/tmp/cs-7.4b8z	847de5f8126663c7aaf0bdf04f5bf6911ee7b577	codex/m7-binding-artifact-compatibility	prunable	missing	no	candidate-prune-registration
/tmp/cs-7.4b9-ci-replan	5d53a357145152aafca3ab6d6dd3ed418e1b9bef	codex/m7-ci-orchestration-replan	prunable	missing	no	candidate-prune-registration
/tmp/cs-7.4b9-format-replan	70524c9fcf1ae1c5de2f218ee168d671e3091a8e	codex/m7-formatting-replan	prunable	missing	no	candidate-prune-registration
/tmp/cs-7.4b9-replan	4c0b55b815a58ea6db92e7eccdba91be8be0199d	codex/m7-tooling-typescript-replan	prunable	missing	no	candidate-prune-registration
/tmp/cs-7.4b9a	4d72a992c013469f1593d17356a1c18453d96673	codex/m7-tooling-decomposition	prunable	missing	no	candidate-prune-registration
/tmp/cs-7.4b9b	d850a145ec5628be65324192b9379049eefd375d	codex/m7-tooling-owner	prunable	missing	no	candidate-prune-registration
/tmp/cs-7.4b9c	5a08d07df0920c5112c06eb89726203c3288798f	codex/m7-tooling-commit-route	prunable	missing	no	candidate-prune-registration
/tmp/cs-7.4b9d	7cb221644b34be34a5207d319c93eee9ede9d245	codex/m7-tooling-recipes	prunable	missing	no	candidate-prune-registration
/tmp/cs-7.4b9e	e429a82fe09931123dc74d06435aa9391711d044	codex/m7-tooling-editor-policy	prunable	missing	no	candidate-prune-registration
/tmp/cs-7.4b9f	7bad8d37206e72d597a8c9ecaab0bd6ba753c718	codex/m7-tooling-editor-recipes	prunable	missing	no	candidate-prune-registration
/tmp/cs-7.4b9g	fd0af626a19c8b26919b4656d737741288135c44	codex/m7-tooling-lint-policy	prunable	missing	no	candidate-prune-registration
/tmp/cs-7.4b9h	b847cd8598f3eb78f2aaf45a540cb8364c965b83	codex/m7-tooling-lint-recipes	prunable	missing	no	candidate-prune-registration
/tmp/cs-7.4b9i	228079006d13e7ecf03f5a59910bb0cbe9b5c47c	codex/m7-typescript-tooling-split	prunable	missing	no	candidate-prune-registration
/tmp/cs-7.4b9j	96eec500617fd6efdde65f178e2274f5d3be8139	codex/m7-formatting-policy	prunable	missing	no	candidate-prune-registration
/tmp/cs-7.4b9k	e176190fcc3187778ee842c5d5f45fcbbd3f000b	codex/m7-formatter-command-recipes	prunable	missing	no	candidate-prune-registration
/tmp/cs-7.4b9l	9961bae4b81b1908c6a74eba30288a189ac3c867	codex/m7-verification-gate-meaning	prunable	missing	no	candidate-prune-registration
/tmp/cs-7.4bag	b7cb41936dc2bfc3577f5f7ba12b85a84c83aea7	codex/m7-rust-binding-package-placement	prunable	missing	no	candidate-prune-registration
/tmp/cs-7.4bah	7e2c204e62eb46cc7c14f58529a6aeca54e586ea	codex/m7-rust-security-0826	prunable	missing	no	candidate-prune-registration
/tmp/cs-7.4c-plan	6e21cc46ea34f95d4019e7d9b007343900ed2884	detached	prunable	missing	no	candidate-prune-registration
/tmp/cs-7.4c2	8318201fdd04fa5a1cc97b1258fc1b8b8fb83137	detached	prunable	missing	no	candidate-prune-registration
/tmp/cs-7.4c3-1	f2c3de58b98d7b3e7018cf9d200fe8b988fda721	detached	prunable	missing	no	candidate-prune-registration
/tmp/cs-7.4c3-2	6c323f6f001ec36c359a65b333358c57824b08ee	detached	prunable	missing	no	candidate-prune-registration
/tmp/cs-7.4c3-commit-index	d32134152277704c3fd5a63a38bd842b7fa94f97	detached	prunable	missing	no	candidate-prune-registration
/tmp/cs-7.4c3-documentation	29809b82a87f012c92cfb28d3aa60239b7d301dc	detached	prunable	missing	no	candidate-prune-registration
/tmp/cs-7.4c3-documentation-checker	d8fca160ed859c0a0e9ac7c840c45e8755f3e0d3	detached	prunable	missing	no	candidate-prune-registration
/tmp/cs-7.4c3-documentation-final	cfd3a802f8808286e2128009c9030ca963d29d8f	detached	prunable	missing	no	candidate-prune-registration
/tmp/cs-7.4c3-documentation-index	cfabcda15709b3aa72160ef6fc8202903a44ec28	detached	prunable	missing	no	candidate-prune-registration
/tmp/cs-7.4c3-plan-index	2526282a39ab72a471f5ee5503cc5a2591f8c2a6	detached	prunable	missing	no	candidate-prune-registration
/tmp/cs-7.4c3-row41-repair	1eb52f58eb44de73372432585eeca4240417c021	detached	prunable	missing	no	candidate-prune-registration
/tmp/cs-7.4c3-source-checker-replan	cfabcda15709b3aa72160ef6fc8202903a44ec28	detached	prunable	missing	no	candidate-prune-registration
/tmp/cs-7.4c3p	7dc3ddf2bb922a96cd561a7702b51f30408dddf8	detached	prunable	missing	no	candidate-prune-registration
/tmp/cs-7.4c3r	d7d9c4c6a338c7ed88dcf204187aaed5d3b3982c	detached	prunable	missing	no	candidate-prune-registration
/tmp/cs-7.4c3rh	3fa05479ded212364100946599874f642ab87cba	detached	prunable	missing	no	candidate-prune-registration
/tmp/cs-7.4c3v1	80c145ad043be6deb03e88259cdf0360ee2e94cf	detached	prunable	missing	no	candidate-prune-registration
/tmp/cs-7.4c3v1-integrated	5c63cd502ced0bf3c6d52c47362cbb887ddbc7fc	detached	prunable	missing	no	candidate-prune-registration
/tmp/cs-7.4c3v1r	80c145ad043be6deb03e88259cdf0360ee2e94cf	detached	prunable	missing	no	candidate-prune-registration
/tmp/cs-child-compaction	b2e65d2762739fdda6abfde482b4dc1b3c715b8f	detached	prunable	missing	no	candidate-prune-registration
/tmp/cs-commit-preflight	f940262f9b6530bc2c2448de325c00ecc054736b	detached	prunable	missing	no	candidate-prune-registration
/tmp/cs-cross-platform-replan	74d462210e47d966e8b0d07043f91c408bb02401	detached	prunable	missing	no	candidate-prune-registration
/tmp/cs-fresh-package	79323ea27ed311e0f2c53ddfae4f8dbb93ece555	detached	prunable	missing	no	candidate-prune-registration
/tmp/cs-generic-edge-correctness	0b21ccc526d1496c6855790f47db426c7c909c94	codex/generic-edge-correctness	prunable	missing	no	candidate-prune-registration
/tmp/cs-generic-edge-system	b3396023ff685f1a27056b3c8eed2b881e19e365	codex/generic-edge-system	prunable	missing	no	candidate-prune-registration
/tmp/cs-git-branch-lifecycle	55f42c03cb6d94ef770fc64a9907ae99991276be	codex/git-branch-lifecycle-policy	prunable	missing	no	candidate-prune-registration
/tmp/cs-i10-accept	86d35ca1b7453f14b143773fc18a1587299d5db2	detached	prunable	missing	no	candidate-prune-registration
/tmp/cs-i10-admit	5e17b41141ed6c5bb68a5102df95de39cb930e77	detached	prunable	missing	no	candidate-prune-registration
/tmp/cs-i10-admit2	0f7b4b8818cd3f23e0e1818c481fea30097877eb	detached	prunable	missing	no	candidate-prune-registration
/tmp/cs-i10-preflight	cb093d7f56b08387640db5f9df69ebf6867a13ea	detached	prunable	missing	no	candidate-prune-registration
/tmp/cs-i11-discovery	f7acddf60cd39c3d2e36477b13e5d0c5d73a4d9b	detached	prunable	missing	no	candidate-prune-registration
/tmp/cs-integrate-concurrency	9140457c36434343aa2e346d89ca8a71f21a9a31	detached	prunable	missing	no	candidate-prune-registration
/tmp/cs-m2p5	fc6b1a34d69523aed164a4e01d575c8f64e98d13	detached	prunable	missing	no	candidate-prune-registration
/tmp/cs-m6-c1-admission	434ea84e64b6ca88b705920aa16164068500d1a2	codex/m6-c1-admission	prunable	missing	no	candidate-prune-registration
/tmp/cs-m6-c1-implementation	edd07142e6cef6920968c3e75dcb9990df41b317	codex/m6-c1-implementation	prunable	missing	no	candidate-prune-registration
/tmp/cs-m6-c2-admission	6418bd3c5508665af4ce3db8f91dd5d0d6fd3082	codex/m6-c2-admission	prunable	missing	no	candidate-prune-registration
/tmp/cs-m6-c2-implementation	7c1db35ecf385bedec9ae8afebc60af2c842a822	codex/m6-c2-implementation	prunable	missing	no	candidate-prune-registration
/tmp/cs-m6-c3-admission	416d6beecbf35f51524cae4b1ac733455d57b4d2	codex/m6-c3-admission	prunable	missing	no	candidate-prune-registration
/tmp/cs-m6-c3-implementation	067a7f3e40cc6ddc15a0f504a1a180c054bb6ea7	codex/m6-c3-implementation	prunable	missing	no	candidate-prune-registration
/tmp/cs-m6-c4-admission	0e70d5e22189ab361ac039ec7a97a2ea25b10048	codex/m6-c4-admission	prunable	missing	no	candidate-prune-registration
/tmp/cs-m6-c4-implementation	15eadf60e70fbf12e76978267ae83396b773d185	codex/m6-c4-implementation	prunable	missing	no	candidate-prune-registration
/tmp/cs-m6-e1-impl	a57ab456f801adff1855ee0fcd4e4a26fc0bf983	detached	prunable	missing	no	candidate-prune-registration
/tmp/cs-m6-e1-replan	c5d7dc9cabe3045fa90c5e43de8880f9429e1eb7	detached	prunable	missing	no	candidate-prune-registration
/tmp/cs-m6-i1-impl	ab19877d6850ddd0f7672904807a24e4a48a2039	detached	prunable	missing	no	candidate-prune-registration
/tmp/cs-m6-i1-plan	3089ae783f51f6d76f07b4411653a787d4deb651	detached	prunable	missing	no	candidate-prune-registration
/tmp/cs-m6-i2-accept	1485c43fd0bf475d7e9f26a37b976325d79b18a7	detached	prunable	missing	no	candidate-prune-registration
/tmp/cs-m6-i2-probe	f122d6e9fb64b9dcd4c5c89c5f422ebbcec7f413	detached	prunable	missing	no	candidate-prune-registration
/tmp/cs-m6-i3	6fd3ac5c5340c736d182626348fe6b55c2de2f32	detached	prunable	missing	no	candidate-prune-registration
/tmp/cs-m6-p-atomic	815da425877dc7caa6872afcd16a3a5386af4b13	detached	prunable	missing	no	candidate-prune-registration
/tmp/cs-m6-p8-admission	5b4751b1962ccf0d7c09be405571691cb829f175	detached	prunable	missing	no	candidate-prune-registration
/tmp/cs-m6-p8-probe	34f9792edbfe6c0207029ea868844b2462c28ba6	detached	prunable	missing	no	candidate-prune-registration
/tmp/cs-m6-p9-admission	2ea8b9b833310b30d6234275839db17d18703d66	detached	prunable	missing	no	candidate-prune-registration
/tmp/cs-m6-p9-probe	01e60296e33e47390c67b0d20a655db38d7f2e4e	detached	prunable	missing	no	candidate-prune-registration
/tmp/cs-m6-q-freeze	0159d2e412f232ce59711b05eba3754b22d1a909	detached	prunable	missing	no	candidate-prune-registration
/tmp/cs-m6-q-w1	8d72ab3ee531fc17ffb30c8c798413695106188e	detached	prunable	missing	no	candidate-prune-registration
/tmp/cs-m6-q1-admission	066e135a457af3b74b5e5dc67ec526937538c452	detached	prunable	missing	no	candidate-prune-registration
/tmp/cs-m6-q1-integration	4ff2cfd0efee40aa7fe4bd8131da61426df2480b	detached	prunable	missing	no	candidate-prune-registration
/tmp/cs-m6-q1-proposal	a1a6b2fb462896bbec75803cb1ae069e9520e560	detached	prunable	missing	no	candidate-prune-registration
/tmp/cs-m6-q2-admission	16de934332e1d8268822a0180367d91f83db6940	detached	prunable	missing	no	candidate-prune-registration
/tmp/cs-m6-q2-admission-v2	d43c2dc840eaa55908f0723f0b472db4751945db	detached	prunable	missing	no	candidate-prune-registration
/tmp/cs-m6-q2-integration	1a9b2e1d404a54dbbe2613364131dd73c44d577a	detached	prunable	missing	no	candidate-prune-registration
/tmp/cs-m6-q2-proposal	e173989c9cfcdfbc293f7d7389fcef436b9a126a	detached	prunable	missing	no	candidate-prune-registration
/tmp/cs-m6-q3-admission	b341698d3e9eed3cb7ba13f8b68315f3bf1109f6	detached	prunable	missing	no	candidate-prune-registration
/tmp/cs-m6-q3-integration	821dec6445b674cfffe40b918d122cd97025ef1a	detached	prunable	missing	no	candidate-prune-registration
/tmp/cs-m6-q3-integration-v2	b61e024c4eb25d3b730dc47cdb51453b4bb0d2f0	detached	prunable	missing	no	candidate-prune-registration
/tmp/cs-m6-q3-integration-v3	2aeeb54e500d5db3d732e227d22e28a9567eaa1b	detached	prunable	missing	no	candidate-prune-registration
/tmp/cs-m6-q3-proposal	42c3ab0e2feaee21e9eeb14ffa6917112c4afcff	detached	prunable	missing	no	candidate-prune-registration
/tmp/cs-m6-q3-readme-replan	3779426d8389288d0feced0127a7b37e8c76879d	detached	prunable	missing	no	candidate-prune-registration
/tmp/cs-m6-q3-readmission	876b68ac5a11402e06c77d0be9dbb72c38ec38ad	detached	prunable	missing	no	candidate-prune-registration
/tmp/cs-m6-q3-scope-recovery	f1a310d96306f8d72ea1b1ed5e5fed04fa78d666	detached	prunable	missing	no	candidate-prune-registration
/tmp/cs-m6-q3-scope-replan	b1f9100a6502b942281796ab9e258681e2cc1ccb	detached	prunable	missing	no	candidate-prune-registration
/tmp/cs-m6-q4-admission	2dc2879df9107eb245ab120f0ddb5da1e89b561d	detached	prunable	missing	no	candidate-prune-registration
/tmp/cs-m6-q4-integration	bd1387c8731c4f32d543628225296eca5f21d3c1	detached	prunable	missing	no	candidate-prune-registration
/tmp/cs-m6-q4-proposal	d5900d5a57eafd056c19607143824aae57cba9c6	detached	prunable	missing	no	candidate-prune-registration
/tmp/cs-m6-q4-scope-recovery	cc5739b63a5efcd009d4a0baa706992ed8bb6026	detached	prunable	missing	no	candidate-prune-registration
/tmp/cs-m6-q4-scope-replan	75f613dcc346ee1ed08a039899fbf33f8a94d74e	detached	prunable	missing	no	candidate-prune-registration
/tmp/cs-m6-r1-admission	935196b50a3118efae110188b33687ac7e993971	detached	prunable	missing	no	candidate-prune-registration
/tmp/cs-m6-r1-implementation	22024089bb911655afd4f0f023933fab97e80e42	detached	prunable	missing	no	candidate-prune-registration
/tmp/cs-m6-s1	169321a4251109293dbc299dceb664b9a1272752	codex/m6-s1	prunable	missing	no	candidate-prune-registration
/tmp/cs-m6-s2	e938d5ea0a6c9ddae3639f7ff66a0fdfb9969f8c	codex/m6-s2	prunable	missing	no	candidate-prune-registration
/tmp/cs-m6-s3	8e09f1f52b4bdc1d179a0988a7d25bf58cf3203f	codex/m6-s3	prunable	missing	no	candidate-prune-registration
/tmp/cs-m6-t1	cae918eb7627bd45ffc771faefbadffee79afe3d	detached	prunable	missing	no	candidate-prune-registration
/tmp/cs-m6-t1-impl	67417cd21c1618c200b177b5e03f9157e99f9a2e	detached	prunable	missing	no	candidate-prune-registration
/tmp/cs-m6-t10-admit	55bd1fe746c8b1c7e1bd2cdd7f8e47c0b0a4e458	detached	prunable	missing	no	candidate-prune-registration
/tmp/cs-m6-t10-impl	fbb632347016d9edcccad1048e53480e712be72c	detached	prunable	missing	no	candidate-prune-registration
/tmp/cs-m6-t11-accept	6ac7f66f7c514502ddce5fffffd934809a678205	detached	prunable	missing	no	candidate-prune-registration
/tmp/cs-m6-t11-admit	804e53582d0cf3a9fd966c014efdfd4e4534ced3	detached	prunable	missing	no	candidate-prune-registration
/tmp/cs-m6-t11-admit-v2	c9596855e205be822f1e0b6dadd574d703dc8042	detached	prunable	missing	no	candidate-prune-registration
/tmp/cs-m6-t12-accept	905b7d8db1e2204f186dc511120331938786339d	detached	prunable	missing	no	candidate-prune-registration
/tmp/cs-m6-t12-admit	7449db477c689141e1dfe1b143f0a0a90e71c716	detached	prunable	missing	no	candidate-prune-registration
/tmp/cs-m6-t12-probe	430d92688e2e06a0536f63cc23fd2b233fdb40ae	detached	prunable	missing	no	candidate-prune-registration
/tmp/cs-m6-t13-accept	6d28f96c396a7c9fb4291aa5113bcd0ab8e0c9cb	detached	prunable	missing	no	candidate-prune-registration
/tmp/cs-m6-t13-admit	6acf43acea1df0ef1485f899cfa78f194899db56	detached	prunable	missing	no	candidate-prune-registration
/tmp/cs-m6-t13-probe	cc8502947e4f7b0243a42fa7b5f9e9feb4985bae	detached	prunable	missing	no	candidate-prune-registration
/tmp/cs-m6-t2-impl	5ceb3d339b086d2463eba77d0576a009fc38bb3c	detached	prunable	missing	no	candidate-prune-registration
/tmp/cs-m6-t3-impl	8e2d82869d32960e57b7eea872d72d56725ab966	detached	prunable	missing	no	candidate-prune-registration
/tmp/cs-m6-t3-preflight	3d014c3b0ef2181452aaaaa570b21db10ab7e53a	detached	prunable	missing	no	candidate-prune-registration
/tmp/cs-m6-t4	c89c03234af24c66cd6131341385adf2d4c5c1c4	detached	prunable	missing	no	candidate-prune-registration
/tmp/cs-m6-t4-impl	5062fb32213bde137ced1844d5e02e83b5efa10d	detached	prunable	missing	no	candidate-prune-registration
/tmp/cs-m6-t5	0d9e79ea45de4cb956938a7689a86f9b5b034082	detached	prunable	missing	no	candidate-prune-registration
/tmp/cs-m6-t5-impl	ffc01c8a47d73a967f1b89edaf3addc5f2b6e471	detached	prunable	missing	no	candidate-prune-registration
/tmp/cs-m6-t6	ca4fff418fcf46421053dce4de25f15970ee5dd4	detached	prunable	missing	no	candidate-prune-registration
/tmp/cs-m6-t6-impl	9b11ff4ad2a603fb1064423a9fb51c2321add054	detached	prunable	missing	no	candidate-prune-registration
/tmp/cs-m6-t7	bd1c392a4a6f2333612722d179c2bd4cadd2e3d7	detached	prunable	missing	no	candidate-prune-registration
/tmp/cs-m6-t7-impl	f06663e3449436bbda3e17c07250db8634b6ba64	detached	prunable	missing	no	candidate-prune-registration
/tmp/cs-m6-t8	bd498dd97dbf8dd30d124cc236d168242c323062	detached	prunable	missing	no	candidate-prune-registration
/tmp/cs-m6-t8-impl	9088f864ebfe15e282ed69235b8cfdad6842cac1	detached	prunable	missing	no	candidate-prune-registration
/tmp/cs-m6-t9-admit	47ac3db60b90e2b52f56974462dee1209ec71962	detached	prunable	missing	no	candidate-prune-registration
/tmp/cs-m6-t9-impl	52541345c2418647df5af22d0d48dd32a7c93917	detached	prunable	missing	no	candidate-prune-registration
/tmp/cs-m6-u0-repreflight	3c971e5230d670aed87f407a9b9a803cfdfde198	codex/m6-u0-repreflight	prunable	missing	no	candidate-prune-registration
/tmp/cs-m6-u1-proposal	7f85995fc29fc1fcc01ae86cc48afe779e6f1da4	codex/m6-u1-proposal	prunable	missing	no	candidate-prune-registration
/tmp/cs-m6-u10-proposal	0dc1ae2f01a00afcc705e888a34afce7432281ad	codex/m6-u10-proposal	prunable	missing	no	candidate-prune-registration
/tmp/cs-m6-u11-proposal	e91e77a5d35fed02992513661b9a8e08dcda69d4	codex/m6-u11-proposal	prunable	missing	no	candidate-prune-registration
/tmp/cs-m6-u12-proposal	cbbb4c2699d75b9e0e8b58d237f5055038cb797b	codex/m6-u12-proposal	prunable	missing	no	candidate-prune-registration
/tmp/cs-m6-u2-proposal	8945e1f95bc3cb08c1dbe5cfa2a3eec322de7799	codex/m6-u2-proposal	prunable	missing	no	candidate-prune-registration
/tmp/cs-m6-u3-proposal	b301e7ae893a86666567d240d75f7b3d63166bc4	codex/m6-u3-proposal	prunable	missing	no	candidate-prune-registration
/tmp/cs-m6-u4-proposal	e59cabe1dc6db258cc2557649f69b6e969fd01dd	codex/m6-u4-proposal	prunable	missing	no	candidate-prune-registration
/tmp/cs-m6-u5-proposal	d73d2c9d73f671bc6c583a8725097a65854ba984	codex/m6-u5-proposal	prunable	missing	no	candidate-prune-registration
/tmp/cs-m6-u6-proposal	e0866fb47eae6427ef79465bd4ba7b2c1941d765	codex/m6-u6-proposal	prunable	missing	no	candidate-prune-registration
/tmp/cs-m6-u7-proposal	943826651d81cf1ad282056234b5a1d014084ec7	codex/m6-u7-proposal	prunable	missing	no	candidate-prune-registration
/tmp/cs-m6-u8-proposal	d3611f3d448137690a3d00b937d3f6b55868b5a6	codex/m6-u8-proposal	prunable	missing	no	candidate-prune-registration
/tmp/cs-m6-u9-proposal	ea9c8580e29bbccd0e40745d02536d27b8f12eb9	codex/m6-u9-proposal	prunable	missing	no	candidate-prune-registration
/tmp/cs-m6-v-w1	f8286140be1f5af723368c010b022c513908c8bf	detached	prunable	missing	no	candidate-prune-registration
/tmp/cs-m6-v-w1-impl	c7f5f65ec68288c23d2e716d2f5c68464e2b3760	detached	prunable	missing	no	candidate-prune-registration
/tmp/cs-m6-v-w1-plan	067a5ec8d53820250be4f24b1e03127596732ad0	detached	prunable	missing	no	candidate-prune-registration
/tmp/cs-m6-v3-proposal	571cbd4c5834636e6aa7f43dba89771d4572de0d	detached	prunable	missing	no	candidate-prune-registration
/tmp/cs-m6c5	64a913a9af84114734e46ddf1de30beda1cf4811	detached	prunable	missing	no	candidate-prune-registration
/tmp/cs-m6c5-v2	42dfd3e722f5b8ec6d46e255f20eb5eab777369b	detached	prunable	missing	no	candidate-prune-registration
/tmp/cs-m6i11	6cc2e14c099bc8642ae411546e6e4c7512e682ea	detached	prunable	missing	no	candidate-prune-registration
/tmp/cs-m6i11-accept	64ae38764f8e99ef0083d8d52a1afd7100f80bd0	detached	prunable	missing	no	candidate-prune-registration
/tmp/cs-m6i11-admit	a134456eb21ae75eb41a05015af0829960a6a4ce	detached	prunable	missing	no	candidate-prune-registration
/tmp/cs-m6i12-preflight	aae4debf9ed7e875faf90c44789a39f9699bcb7c	detached	prunable	missing	no	candidate-prune-registration
/tmp/cs-m6i13-impl	73bf4e9a9ff381222cf5a2b4453bec68dc0ab278	detached	prunable	missing	no	candidate-prune-registration
/tmp/cs-m6i13-probe	ad79580a1c37dfe59321af73a46c550e5ac6fcdb	detached	prunable	missing	no	candidate-prune-registration
/tmp/cs-m6i14-impl	d094f617bfca9c835fcac18e6cb89a968d17ffe9	detached	prunable	missing	no	candidate-prune-registration
/tmp/cs-m6i14-probe	93dd1d4b312aaa834bef9382678d3d1546176de9	detached	prunable	missing	no	candidate-prune-registration
/tmp/cs-m6i15-impl	1a64c2141d391c51b65a66fe91b70a7206182191	detached	prunable	missing	no	candidate-prune-registration
/tmp/cs-m6i15-probe	7fc8b373664f12f2ae681d6f14690c899653af44	detached	prunable	missing	no	candidate-prune-registration
/tmp/cs-m6i16-impl	6b87f354e47901a51ba212acb2b169e1f1d90f9a	detached	prunable	missing	no	candidate-prune-registration
/tmp/cs-m6i16-probe	7a25bd85a33f2000295f0be95bd51d70fa1d1b77	detached	prunable	missing	no	candidate-prune-registration
/tmp/cs-m6i17-final-probe	fd22008f736278ac074f7f01677c7a052ce0307e	detached	prunable	missing	no	candidate-prune-registration
/tmp/cs-m6i18-acceptance	74a2a4cb1ba7bfb166a6628696555156608534d0	detached	prunable	missing	no	candidate-prune-registration
/tmp/cs-m6i18-admission	40855707f9bb76bdf7b6b0e0a1e5d4125fb14d7d	detached	prunable	missing	no	candidate-prune-registration
/tmp/cs-m6i18-final-probe	40855707f9bb76bdf7b6b0e0a1e5d4125fb14d7d	detached	prunable	missing	no	candidate-prune-registration
/tmp/cs-m6i19-acceptance	ccbf80d03c6979ee69eeffd68451ebad7df9d393	detached	prunable	missing	no	candidate-prune-registration
/tmp/cs-m6i19-admission	143fc684cdfd49c668546186b29d09138aa11770	detached	prunable	missing	no	candidate-prune-registration
/tmp/cs-m6i19-probe	143fc684cdfd49c668546186b29d09138aa11770	detached	prunable	missing	no	candidate-prune-registration
/tmp/cs-m6i20-acceptance	4851eaa4be65687b4b1be584cd7910bffc3ca362	detached	prunable	missing	no	candidate-prune-registration
/tmp/cs-m6i20-admission	532b42d319497c35486855d9fe6cc0a7db3e36c1	detached	prunable	missing	no	candidate-prune-registration
/tmp/cs-m6i20-probe	532b42d319497c35486855d9fe6cc0a7db3e36c1	detached	prunable	missing	no	candidate-prune-registration
/tmp/cs-m6i21-acceptance	9352fe5c07af06a8d9cd2b8fec7197d6defd597c	detached	prunable	missing	no	candidate-prune-registration
/tmp/cs-m6i21-admission	de63235703beb1bd2560f9247875d6fe2aeeaa67	detached	prunable	missing	no	candidate-prune-registration
/tmp/cs-m6i21-probe	de63235703beb1bd2560f9247875d6fe2aeeaa67	detached	prunable	missing	no	candidate-prune-registration
/tmp/cs-m6i22-acceptance	561e58847629cb3bdff013da08ed74b768f0118d	detached	prunable	missing	no	candidate-prune-registration
/tmp/cs-m6i22-admission	29683594f086c5f2c6c24e674cedec2d0e7b7aa7	detached	prunable	missing	no	candidate-prune-registration
/tmp/cs-m6i22-probe	29683594f086c5f2c6c24e674cedec2d0e7b7aa7	detached	prunable	missing	no	candidate-prune-registration
/tmp/cs-m6i23-accept	69aae78fb690afce39f900e38206626368230249	detached	prunable	missing	no	candidate-prune-registration
/tmp/cs-m6i23-admission	fed1a1a0dbe439a2128ffe3e3dcb74372e0bb7c0	detached	prunable	missing	no	candidate-prune-registration
/tmp/cs-m6i23-probe	fed1a1a0dbe439a2128ffe3e3dcb74372e0bb7c0	detached	prunable	missing	no	candidate-prune-registration
/tmp/cs-m6i24-accept	2767584cd2439ea909c9315321356d1365fcbc4f	detached	prunable	missing	no	candidate-prune-registration
/tmp/cs-m6i24-admission	fdb1adebd59b13c506dc4eae9f7855c2881423f1	detached	prunable	missing	no	candidate-prune-registration
/tmp/cs-m6i24-probe	fdb1adebd59b13c506dc4eae9f7855c2881423f1	detached	prunable	missing	no	candidate-prune-registration
/tmp/cs-m6i25-accept	4582a46040fcc3deff821fb3f3439f2de1394a3a	detached	prunable	missing	no	candidate-prune-registration
/tmp/cs-m6i25-admission	db84163a0920a4d637f2a5d50ac6a154ec889490	detached	prunable	missing	no	candidate-prune-registration
/tmp/cs-m6i25-probe	db84163a0920a4d637f2a5d50ac6a154ec889490	detached	prunable	missing	no	candidate-prune-registration
/tmp/cs-m6i26-accept	9823a52f997bd9807cec9858e75928ea9f42b508	detached	prunable	missing	no	candidate-prune-registration
/tmp/cs-m6i26-admission	776aafd32462d5b37d172d22f9fbef15f3301431	detached	prunable	missing	no	candidate-prune-registration
/tmp/cs-m6i26-probe	d69fc064032fd921ad44614713bafcd0da5c6f17	detached	prunable	missing	no	candidate-prune-registration
/tmp/cs-m6i27-accept	ebf53b0b5f443b4ff7137970478f22ea2ab625b6	detached	prunable	missing	no	candidate-prune-registration
/tmp/cs-m6i27-admission	5f655a5435fcbec63614d67f3ef36e4bda825c7d	detached	prunable	missing	no	candidate-prune-registration
/tmp/cs-m6i27-probe	9823a52f997bd9807cec9858e75928ea9f42b508	detached	prunable	missing	no	candidate-prune-registration
/tmp/cs-m6i3-accept	764d18519a449957a1bfbb9487997c2fd88ea1b3	detached	prunable	missing	no	candidate-prune-registration
/tmp/cs-m6i4-preflight	86b907303a68ef84260c75a82bccf8956e715faa	detached	prunable	missing	no	candidate-prune-registration
/tmp/cs-m6i7-accept	56d5aff6d9c68b8ea2bbac14a4224dfb23e44ea9	detached	prunable	missing	no	candidate-prune-registration
/tmp/cs-m6i7-admission	65e9dbf1f9f1e15d2d140c318306cbf508164e30	detached	prunable	missing	no	candidate-prune-registration
/tmp/cs-m6i7-admission-v2	0fb939d608b37e3d4b3b47f6dd23c1c9842a2d70	detached	prunable	missing	no	candidate-prune-registration
/tmp/cs-m6i7-plan	d2716b4c9a0957a458a51f73769d9e047b757a43	detached	prunable	missing	no	candidate-prune-registration
/tmp/cs-m6i89-acceptance	11aad3abe1403f9ea2bfbb9abb6909cb270a9dfe	detached	prunable	missing	no	candidate-prune-registration
/tmp/cs-m6i89-preflight	5af0b1a797d1d030376e5fcf0da3533e6cc5259b	detached	prunable	missing	no	candidate-prune-registration
/tmp/cs-m6s-preflight	c7c89467a3db0127a416eadecc785f6a22de3ac1	codex/m6-s-admission	prunable	missing	no	candidate-prune-registration
/tmp/cs-p1-concurrency	2b90a2ad8b5e6c75e0409d845429ea1e379e85e4	detached	prunable	missing	no	candidate-prune-registration
/tmp/cs-p1-dependency	2b90a2ad8b5e6c75e0409d845429ea1e379e85e4	detached	prunable	missing	no	candidate-prune-registration
/tmp/cs-p1-launcher	2b90a2ad8b5e6c75e0409d845429ea1e379e85e4	detached	prunable	missing	no	candidate-prune-registration
/tmp/cs-p1-rust-api	2b90a2ad8b5e6c75e0409d845429ea1e379e85e4	detached	prunable	missing	no	candidate-prune-registration
/tmp/cs-p1-rust-cross	2b90a2ad8b5e6c75e0409d845429ea1e379e85e4	detached	prunable	missing	no	candidate-prune-registration
/tmp/cs-p1-rust-dependency	2b90a2ad8b5e6c75e0409d845429ea1e379e85e4	detached	prunable	missing	no	candidate-prune-registration
/tmp/cs-p1-rust-release	2b90a2ad8b5e6c75e0409d845429ea1e379e85e4	detached	prunable	missing	no	candidate-prune-registration
/tmp/cs-p1-rust-tooling	2b90a2ad8b5e6c75e0409d845429ea1e379e85e4	detached	prunable	missing	no	candidate-prune-registration
/tmp/cs-p1b-concurrency	c2e30c9a2334f57523f286b6e747732c63838014	detached	prunable	missing	no	candidate-prune-registration
/tmp/cs-parent-compaction	b349a2c44b94478efc4220f5618451820d191501	detached	prunable	missing	no	candidate-prune-registration
/tmp/cs-parent-compaction-v2	8972a39fb39e243af371cc2a06b41139694aff40	detached	prunable	missing	no	candidate-prune-registration
/tmp/cs-policy-impact-foundation	bda52eda6e393abb80d5da5d98d6437cdb6a5f99	codex/policy-impact-foundation	prunable	missing	no	candidate-prune-registration
/tmp/cs-policy-impact-owner-closure	89bd3159e3cbbdd6b346eb8d9420dac4840a2f77	codex/policy-impact-owner-closure	prunable	missing	no	candidate-prune-registration
/tmp/cs-post-m6-i2-audit	948182702d8b6e8bc1e869916a6ed7d5dbdee87f	detached	prunable	missing	no	candidate-prune-registration
/tmp/cs-post-p1-plan	de8184b6ab2aeccb516b050e34658f13b780e2e6	detached	prunable	missing	no	candidate-prune-registration
/tmp/cs-post-ve072-audit	883d554da4ed089b3d7fcebb850e4e2264375d8d	detached	prunable	missing	no	candidate-prune-registration
/tmp/cs-ppr-c2-final	1a612437863b4e4effee8a8eb96680a07d32b39c	detached	prunable	missing	no	candidate-prune-registration
/tmp/cs-ppr-compaction-replan	281f34561792854064a2e21e0fc8816eb71cf828	detached	prunable	missing	no	candidate-prune-registration
/tmp/cs-ppr-numeric-engine	90a2b6739c93d5096b9c1a5b483f88b6f0992362	detached	prunable	missing	no	candidate-prune-registration
/tmp/cs-ppr-numeric-replan	7d74113aa8436d29b9c31f92d22f833bda74709b	detached	prunable	missing	no	candidate-prune-registration
/tmp/cs-recovery-m5	f7e67ec521b6977bfa90c15f2fefd585c41b753f	detached	prunable	missing	no	candidate-prune-registration
/tmp/cs-row47-impl	809f2ddbe9423445c2aae6c90a59795d3cb6daba	detached	prunable	missing	no	candidate-prune-registration
/tmp/cs-row47-worktree	b1100ac3ede8b39a9f01e5f4f040256797f16c86	detached	prunable	missing	no	candidate-prune-registration
/tmp/cs-security-close	183e061bd8699bc4bf961839ab914279779fdf9a	detached	prunable	missing	no	candidate-prune-registration
/tmp/cs-security-hs1	a983386fde2b2ad600a7cf71a1e07ef5c0b4bc85	detached	prunable	missing	no	candidate-prune-registration
/tmp/cs-security-hs2a	475e41ef4c42d807cb923fcb26024e9727fc8d2f	detached	prunable	missing	no	candidate-prune-registration
/tmp/cs-security-hs2b	057d0799323364281c013f9cdc5d311f67da79d4	detached	prunable	missing	no	candidate-prune-registration
/tmp/cs-security-hs2c	c9e0c3280a8c8d34cdd699d7371f6bf2e41b9cbf	detached	prunable	missing	no	candidate-prune-registration
/tmp/cs-security-integrate	a6dbadd57639681863a8918d03901b2be31c8906	detached	prunable	missing	no	candidate-prune-registration
/tmp/cs-security-plan	55d37c3f1e62d4ceb54309f2b045d6cbb77f0847	detached	prunable	missing	no	candidate-prune-registration
/tmp/cs-security-replan	56ffb1119bf1a061b72e60d349fd74e8d97ba907	detached	prunable	missing	no	candidate-prune-registration
/tmp/cs-tooling-owner-audit	2e186b174e5f1051ab7c99581f53451e9a2e89ef	codex/m7-tooling-owner-audit	prunable	missing	no	candidate-prune-registration
/tmp/cs-ve050-heading-policy	9e67fe519babc2f3a8cdaa93c198e74e0e272601	detached	prunable	missing	no	candidate-prune-registration
/tmp/cs-ve054-option1	0f60ecaead6bd5dadfdb0deceb172ec05e6f4bf3	detached	prunable	missing	no	candidate-prune-registration
/tmp/cs-ve055-option4	4e625262eda0f13c3e0bf40ebc2524bae2737f0d	codex/ve055-option4	prunable	missing	no	candidate-prune-registration
/tmp/cs-ve055-probes	06b128d90119eba63481d7593bbed4986e32a7e1	codex/ve055-probes	prunable	missing	no	candidate-prune-registration
/tmp/cs-ve056-s-preflight	3669e005d0b6d1a18abfd72887603609eef1490a	codex/ve056-s-preflight	prunable	missing	no	candidate-prune-registration
/tmp/cs-ve057-impl	454d80461fa937d969e03b506349bfef5d73c2ec	codex/ve057-impl	prunable	missing	no	candidate-prune-registration
/tmp/cs-ve057-select	ebd35c0a35f0d7e2b905636cb781bd1cb10d012f	codex/ve057-select	prunable	missing	no	candidate-prune-registration
/tmp/cs-ve05758-impl	afee12f3647e9febdeef3f2459e7a99289d75c14	codex/ve05758-impl	prunable	missing	no	candidate-prune-registration
/tmp/cs-ve058-containment-replan	5e85970f5933e7a80be7e194307260c4724d8056	codex/ve058-containment-replan	prunable	missing	no	candidate-prune-registration
/tmp/cs-ve058-select	b21986c68ffcefb2acbb66b7fca1efe04b63de5d	codex/ve058-select	prunable	missing	no	candidate-prune-registration
/tmp/cs-ve070-plan	693379a4ab35f28bd94a6ecc6235e597be40936c	detached	prunable	missing	no	candidate-prune-registration
/tmp/cs-ve072-plan	ea6bcfadaaa97bfcba96b859069afe0fd42fe592	detached	prunable	missing	no	candidate-prune-registration
/tmp/cs-ve074	760351d368a2657636abff3384895c70ba52df29	detached	prunable	missing	no	candidate-prune-registration
/tmp/cs-ve075	30e9c9bfdad2ba592e4766e03d976dd6f9ac4790	detached	prunable	missing	no	candidate-prune-registration
/tmp/cs-ve078-e1	d8c80f3eeaa3f7a3ab3c36e25d51855132bb65c8	detached	prunable	missing	no	candidate-prune-registration
/tmp/cs-ve078-plan	de1f73493410ec3044863cf16670e0e9ed67bb58	detached	prunable	missing	no	candidate-prune-registration
/tmp/cs-ve081-cap	9abb5f6df722214e80ece21cb3114734a81498a6	detached	prunable	missing	no	candidate-prune-registration
/tmp/cs-ve083	c7ccd79490b9301cde31e073dec1bf5ea70179ed	detached	prunable	missing	no	candidate-prune-registration
/tmp/cs-ve083-impl	1001a1b6f4885e281b8cd4a4c74555ed261dc601	detached	prunable	missing	no	candidate-prune-registration
/tmp/cs-ve083-probe	0c9d38f1cf37b5a1cdc183332bc13c02c2ce8ff9	detached	prunable	missing	no	candidate-prune-registration
/tmp/cs-ve084	7eddec135b592e9f89455d93b65c8e90d7188005	detached	prunable	missing	no	candidate-prune-registration
/tmp/cs-verification-engine	c7175ad6bf7a46506534299dc1d9ec99fcac7cee	detached	prunable	missing	no	candidate-prune-registration
/tmp/cs-verification-engine-m1	02d86ffaecaf30a8e783d1bb5c2428fd79ec6820	detached	prunable	missing	no	candidate-prune-registration
/tmp/cs-verification-engine-m2	1548be1f596add1d77d41b7576d2458dbfc7c608	detached	prunable	missing	no	candidate-prune-registration
/tmp/cs-verification-engine-m2p1	70448ce56f0a10e0b48559c886161c64a250e1b7	detached	prunable	missing	no	candidate-prune-registration
/tmp/cs-verifier-all-bash	bfb9713fa596bf3c964cc90df3c04ba5f1d3d286	detached	prunable	missing	no	candidate-prune-registration
/tmp/cs-verifier-release-freeze	faa267460340fb1c7affeb417bad6a579afd5659	detached	prunable	missing	no	candidate-prune-registration
/tmp/cs-verifier-release-impl	afd83f6370c1db3f6146413a947eaa0f76330304	detached	prunable	missing	no	candidate-prune-registration
/tmp/cs-verifier-rust-api-freeze	4f705747caaa6483e6a56f461f5f9784969e67e2	detached	prunable	missing	no	candidate-prune-registration
/tmp/cs-verifier-rust-api-impl	1c7d39a86cb0102ecb1a460e026b7b0db12eaf59	detached	prunable	missing	no	candidate-prune-registration
/tmp/cs-verifier-rust-dependency-freeze	ad98d3a13e5662723f03b1865921bf02fda37d6d	detached	prunable	missing	no	candidate-prune-registration
/tmp/cs-verifier-rust-dependency-impl	22d53b7d601eaea22fe25b44b9aeed13d7bcfcf1	detached	prunable	missing	no	candidate-prune-registration
/tmp/cs-verifier-shared-contracts	ce03749f5e8680ce4b1e62bd913391093d159dd7	detached	prunable	missing	no	candidate-prune-registration
/tmp/cs-verifier-standalone-freeze	7b5573ebba978273f9e2603a001f7d704f588400	detached	prunable	missing	no	candidate-prune-registration
/tmp/cs-verifier-tooling-freeze	a9acff7c37b9acc2d00c0ce0c312783d1e2bdd39	detached	prunable	missing	no	candidate-prune-registration
/tmp/cs-verifier-tooling-impl	c6e947df7e3ace565b2df78865ed32360ca2e087	detached	prunable	missing	no	candidate-prune-registration
/tmp/cs-verifier-tooling-reference-freeze	07ff9924b9589621e9b3f9816cb1ae17b5f67eee	detached	prunable	missing	no	candidate-prune-registration
/tmp/cs-verifier-tooling-reference-impl	e8c536743d59e3aac93b15875ed2196b7c4367b5	detached	prunable	missing	no	candidate-prune-registration
/tmp/cs-verifier-typescript-impl	a84a2a654677ddd2fad9367175254e4900d707c5	detached	prunable	missing	no	candidate-prune-registration
/tmp/cs-verifier-verification-impl	ddb2e2dac0d92377c92ecb9d8753dd5c08bcf7a1	detached	prunable	missing	no	candidate-prune-registration
/tmp/cs-work-proportionality-impact	c6576b8442e8c6d8ee20b746b0eda7282d776a4e	codex/work-proportionality-impact-recovery	prunable	missing	no	candidate-prune-registration
/tmp/cs-work-slice-proportionality	a49cbdae89153684c0d29b7b63960aa8881edb55	codex/work-slice-proportionality	prunable	missing	no	candidate-prune-registration
